pre_class,post_class,label
ASEL,AIB,stable
CEP,RIC,stable
ASH,AIA,stable
AIM,AIA,stable
CEP,OLL,stable
RIG,AVK,stable
IL2_LR,OLQ,stable
AWB,AIZ,stable
ADA,AVJ,stable
AVK,RIM,stable
URA,RIP,stable
PVP,AVH,stable
DVC,AVA,stable
RIA,RIA,stable
IL2_DV,RIP,stable
AIY,BAG,stable
PVQ,ASK,stable
FLP,FLP,stable
IL2_LR,RIH,stable
ADL,AIB,stable
RMD_LR,RIA,stable
AWA,ADL,stable
ASJ,ASK,stable
DVC,RIB,stable
ASG,AIA,stable
PVT,RIG,stable
RIM,SMD,stable
RIG,RMG,stable
PVC,AVB,stable
PVQ,AIA,stable
AIA,ASH,stable
PVT,AVK,stable
ASH,RIA,stable
RMD_LR,IL1,stable
AIA,ASK,stable
RIC,AVA,stable
PVP,RIG,stable
AWA,AWB,stable
RMD_LR,OLL,stable
RIH,AIZ,stable
RIB,AVA,stable
RIV,SAA,stable
DVA,AVE,stable
SMB,RME_DV,stable
RIB,BAG,stable
PVR,RIP,stable
AWA,AIZ,stable
ADA,RIC,stable
ADA,RIM,stable
RMD_LR,IL2_LR,stable
RIB,AVE,stable
ASG,AIM,stable
URY,SMD,stable
RIR,URX,stable
AIY,RIB,stable
AWA,ASER,stable
RMD_LR,RMD_LR,stable
ADA,AVB,stable
RIR,RIA,stable
AVH,ADF,stable
BAG,RIB,stable
SAA,SMD,stable
RIV,SMD,stable
AIY,RIA,stable
DVC,AIB,stable
RIS,CEP,stable
OLL,AVE,stable
DVC,RIG,stable
AIM,ASG,stable
URY,RIB,stable
ASH,AIB,stable
URY,RMD_DV,stable
URY,AVE,stable
SAA,AVA,stable
AIB,AVB,stable
RIM,RIS,stable
ALM,BDU,stable
ALA,AVE,stable
URB,URX,stable
RIB,RIS,stable
AUA,AVE,stable
RIF,ASH,stable
PVR,AVJ,stable
RME_DV,SMD,stable
DVA,RIR,stable
AIZ,RIM,stable
ASH,ADA,stable
RIR,AIZ,stable
ADF,AUA,stable
ASER,AIY,stable
RIB,RIA,stable
ADL,ASK,stable
RIS,RIM,stable
SMD,RIA,stable
RMG,RMD_LR,stable
RIA,RMD_LR,stable
CEP,OLQ,stable
AIB,SMD,stable
IL1,RME_LR,stable
URB,IL1,stable
RME_DV,RMD_DV,stable
ASH,AVB,stable
AWA,AIA,stable
ADF,RIA,stable
RIG,RIB,stable
ADL,AIA,stable
ASER,AIB,stable
RIH,RIP,stable
RIA,SMD,stable
OLQ,IL2_LR,stable
BAG,RIA,stable
URX,AUA,stable
AUA,AVA,stable
AIM,ASJ,stable
RIR,DVA,stable
AUA,URX,stable
AIA,AIB,stable
URB,IL2_LR,stable
OLQ,SIB,stable
ASJ,PVQ,stable
AUA,RIB,stable
RIH,OLQ,stable
RIG,URY,stable
RIM,AIB,stable
AUA,RIA,stable
RIH,RIA,stable
URX,RIA,stable
RIA,RMD_DV,stable
URX,RIG,stable
AIN,BAG,stable
PVR,AVB,stable
ASEL,AIY,stable
ASH,ASK,stable
AIN,RID,stable
AWA,ASEL,stable
RIS,RIB,stable
DVA,AIZ,stable
AIN,ASER,stable
RIS,AVE,stable
RIG,RIR,stable
AIY,ADF,stable
AIA,ASI,added
ADF,PVQ,added
RIC,AVB,added
AVH,RIF,added
AIB,RIG,added
AIZ,AFD,added
ASEL,AIN,added
IL2_DV,IL1,added
RMD_LR,RMG,added
AIM,SMB,added
RIV,RMD_LR,added
RMG,AIM,added
PVC,ADA,added
BDU,IL2_DV,added
AWA,AIB,added
RIR,AVE,added
AVK,AVB,added
AWA,ADF,added
URB,SMD,added
BAG,AVD,added
PVC,RID,added
CEP,SMD,added
URY,RMD_LR,added
OLQ,RME_LR,added
SMD,RIS,added
PVP,AVK,added
RIM,AVE,added
AWA,ASH,added
RMG,URX,added
RIS,AVK,added
ADE,AVK,added
ASH,AWA,added
ASH,AVH,added
IL2_LR,RMD_LR,added
RMG,AIB,added
BDU,ALM,added
BAG,AVA,added
OLQ,SMB,added
CEP,ALM,added
RIH,URY,added
AVK,RIS,added
IL2_DV,BAG,added
DVA,SMB,added
RMD_DV,IL1,added
ADL,ASER,added
ADF,RIR,added
RIR,RIG,added
URB,SMB,added
RIA,RIV,added
AIY,RIR,added
AIB,BAG,added
AVJ,RIS,added
ADE,IL2_LR,added
ASK,AIM,added
URY,AVD,added
RMG,SIA,added
DVC,AVK,added
CEP,SMB,added
AIZ,DVA,added
AWB,AUA,added
ADL,AVA,added
RMG,CEP,added
DVC,RIM,added
DVC,OLL,added
URB,OLQ,added
PVQ,ALA,added
AFD,ASEL,added
AUA,AVD,added
OLQ,RIH,added
AIA,ASEL,added
DVA,RIH,added
ASK,AVJ,added
PVC,AVJ,added
CEP,RIS,added
OLL,RME_DV,added
ADE,ADA,added
AIA,AWA,added
AIB,AUA,added
ADF,RIG,added
RIR,ADF,added
AIN,AIB,added
AIM,AVD,added
RIH,AUA,added
AVK,RIG,added
AWA,AFD,added
AIZ,ASER,added
RIH,RME_DV,added
ASK,AIB,added
AWB,SMB,added
ADF,RIC,added
AIZ,URY,added
URB,RMG,added
ASK,AIN,added
ADE,ASJ,added
AIB,RIA,added
ADE,RMD_LR,added
RMG,ALM,added
RMG,AVB,added
RIR,BAG,added
RIC,AIB,added
RIC,PVC,added
RIF,AIM,added
BAG,AIY,added
ASER,BAG,added
CEP,RMG,added
ASER,AIZ,added
ADE,DVA,added
AIM,AVA,added
ADA,RIF,added
PVC,SIA,added
RMD_LR,RME_LR,added
URB,RIV,added
ASK,ASH,added
OLL,IL2_LR,added
DVC,AVE,added
PVT,RIH,added
URY,CEP,added
DVC,RID,added
IL2_DV,OLQ,added
AIY,ASER,added
ASH,AVE,added
RIH,AIY,added
AVH,AVJ,added
ASK,ASG,added
RIG,RIA,added
ADE,ADE,added
IL2_LR,RME_DV,added
RIH,IL2_LR,added
ASI,BAG,added
IL2_DV,RIH,added
AVJ,PVC,added
ALM,RMD_DV,added
AVH,URX,added
RMG,AVE,added
ALM,AVD,added
ADA,RIP,added
RIF,AIB,added
AVH,AIB,added
RMG,PVP,added
URY,OLL,added
RME_LR,IL1,added
AIB,ADA,added
ADL,SIB,added
AVH,AIN,added
AIM,RIF,added
RMD_DV,SMB,added
SAA,OLL,added
IL2_LR,OLL,added
ADE,FLP,added
DVA,FLP,added
DVA,AVA,added
BAG,RID,added
URY,AVB,added
PVP,AIB,added
OLL,RMD_LR,added
RIR,SMB,added
AVH,SIA,added
URY,SIB,added
ASER,AFD,added
AVK,SMD,added
FLP,AVJ,added
IL2_DV,RIC,added
ASH,AVJ,added
IL2_LR,SIB,added
AIB,DVA,added
AIM,AIY,added
AIB,RIV,added
PVP,SIA,added
RIR,OLQ,added
OLL,ADE,added
PVC,RIS,added
RIC,SMB,added
OLQ,RME_DV,added
AWB,AIA,added
ASI,AFD,added
RMG,IL1,added
FLP,AIB,added
URX,AVA,added
AVH,RIM,added
ALM,PVR,added
ASH,ADF,added
PVQ,AWA,added
AIY,AFD,added
OLL,URY,added
ADA,DVA,added
DVA,RIA,added
AIY,AIY,added
RIF,ALM,added
AVK,SMB,added
AIZ,AWB,added
AVH,AVB,added
AIM,ADA,added
RMD_DV,RMD_LR,added
BDU,RIF,added
PVT,IL2_DV,added
AWA,ASK,added
AIM,AWB,added
PVQ,ASG,added
ADF,OLQ,added
ADE,OLL,added
RIB,RIH,added
ADA,ADE,added
BAG,URX,added
OLL,URX,added
ASK,RMG,added
AIB,AVA,added
BAG,AIB,added
AWB,ASEL,added
ADA,AVD,added
AIM,RID,added
ADE,AVB,added
ADA,AIA,added
AWB,AWA,added
ADF,ADA,added
ASEL,RIA,added
RIC,RMG,added
ADF,AWB,added
AWA,AUA,added
AWB,SIA,added
ALM,AVB,added
IL2_LR,ADE,added
RMG,ASH,added
ADE,SIB,added
CEP,RIP,added
IL1,RME_DV,added
AWA,RIF,added
URY,IL1,added
RIH,URA,added
AVH,RIR,added
RIF,PVP,added
AVH,PVP,added
SMD,RMD_LR,added
RIB,RIG,added
ASEL,AFD,added
DVC,SAA,added
DVA,ADA,added
AWB,RIA,added
ADA,URX,added
RIC,RIV,added
RIG,URX,added
AIB,SIA,added
FLP,AVB,added
URB,ADA,added
RIC,RIC,added
ADE,DVC,added
ADL,ASEL,added
PVP,AVE,added
ALA,BDU,added
RMG,SMD,added
RIV,SIA,added
AVK,RMD_LR,added
PVP,RIR,added
IL2_DV,RIA,added
PVT,SMB,added
AIA,ASG,added
ADE,AVE,added
URX,IL2_LR,added
RIF,BDU,added
AVH,BDU,added
ADE,PVP,added
IL2_LR,URX,added
AWB,AIY,added
AVK,RIV,added
ASEL,ADL,added
RIF,RMG,added
SAA,AIB,added
OLL,OLL,added
AIM,AVJ,added
URB,RMD_LR,added
IL2_LR,URA,added
IL2_LR,URB,added
AWB,SIB,added
IL2_DV,IL2_LR,added
URX,ADA,added
AIM,URX,added
SMD,URY,added
ADF,ASER,added
CEP,RMD_LR,added
FLP,AVE,added
RMG,SMB,added
RIM,AVA,added
AWA,ADA,added
FLP,PVP,added
RMD_DV,RME_DV,added
ADF,URY,added
ADL,PVQ,added
FLP,RIH,added
RIR,AVH,added
AIZ,ASEL,added
URB,ADE,added
RIA,CEP,added
AIB,SIB,added
ASI,ASK,added
RIR,AUA,added
IL2_DV,ADA,added
AIZ,AWA,added
URB,AVD,added
PVQ,RMG,added
RIG,RIM,added
ADL,AVB,added
RIS,RIC,added
CEP,ADE,added
DVA,URY,added
ADE,IL1,added
AIM,SIA,added
AVH,PVC,added
PVQ,AIM,added
AIM,CEP,added
URX,DVA,added
CEP,AVD,added
RIG,AVB,added
AIB,DVC,added
ASER,RIA,added
AVJ,AVA,added
RMG,ADA,added
AIN,RIA,added
BAG,PVP,added
RIM,AUA,added
PVP,PVC,added
DVA,URX,added
RIM,RIF,added
AIB,AVE,added
RIB,AUA,added
URY,RME_LR,added
AUA,SAA,added
SMD,RME_DV,added
ADF,AVH,added
AVH,BAG,added
AVH,ASH,added
RIR,AIY,added
RIH,AVE,added
AIY,AWA,added
RIM,RIA,added
ASEL,AIA,added
RIH,RIR,added
ADE,URB,added
ALM,PVC,added
ASI,RIA,added
CEP,URX,added
ADL,AVE,added
RIA,SIB,added
ADL,PVP,added
PVQ,PVC,added
BDU,URA,added
AIM,AVB,added
ADA,AVE,added
CEP,URA,added
DVA,SIA,added
IL2_DV,RMD_DV,added
SMB,ADA,added
ADE,CEP,added
AVH,SMD,added
RIG,PVP,added
URB,SIA,added
FLP,PVC,added
ASI,AIY,added
ASK,ADL,added
BDU,AVH,added
IL2_DV,URY,added
OLL,IL1,added
CEP,SIA,added
CEP,PVR,added
URX,URB,added
PVT,URA,added
DVA,RIM,added
RIH,IL1,added
RIV,RIC,added
IL1,URA,added
RIM,ADA,added
IL2_DV,URX,added
ADF,SIB,added
ASER,ASI,added
URX,AVH,added
URX,SIA,added
AVH,SMB,added
ASK,ASI,added
ADE,SAA,added
ADE,ALM,added
DVA,AVB,added
URX,CEP,added
BDU,PVQ,added
RMG,AVA,added
AFD,ASER,added
URB,AVB,added
AIA,ASER,added
ADE,RME_LR,added
ALA,ADL,added
IL1,PVR,added
PVT,RME_DV,added
BDU,AVB,added
AVK,DVC,added
AVH,ADL,added
CEP,AVB,added
ASG,ASJ,added
URA,IL2_LR,added
ADE,SMB,added
AVJ,ADA,added
IL2_DV,CEP,added
ASH,RIF,added
AIM,RMG,added
IL2_LR,IL1,added
IL2_LR,RIC,added
ALM,SMB,added
CEP,SIB,added
RIB,DVA,added
RIA,IL1,added
AIM,AIM,added
ASJ,AIA,added
ASK,AVD,added
PVC,AVD,added
RIH,BAG,added
ASER,AIA,added
RIH,IL2_DV,added
OLQ,PVP,added
AVJ,RID,added
URX,AVB,added
URB,RIB,added
RMD_LR,SIA,added
RMG,RIF,added
DVA,PVP,added
URB,AVE,added
ADL,ASH,added
PVP,ADA,added
RMD_LR,CEP,added
AIM,RIC,added
ADE,RIH,added
RIC,AVD,added
ASH,AIY,added
RMG,RIA,added
CEP,RIB,added
ASI,AIA,added
RIG,ASH,added
PVC,AVA,added
BDU,RID,added
AIN,URX,added
RIB,URY,added
AVH,DVA,added
AVH,RIV,added
ADE,BDU,added
OLL,RME_LR,added
ADE,RMG,added
ASH,ADL,added
AUA,BAG,added
RMD_LR,RIM,added
AIZ,ADF,added
ASER,ASEL,added
RIS,RMD_LR,added
PVR,IL1,added
AIN,ASEL,added
RIC,URX,added
OLQ,RIG,added
PVT,DVC,added
URX,AVE,added
PVP,DVA,added
ADE,RIG,added
ADA,SMD,added
FLP,ADA,added
ASER,AWA,added
IL1,RIS,added
URX,PVP,added
ASI,AIB,added
RIH,RME_LR,added
ASH,AWB,added
RIG,PVQ,added
ADE,RIV,added
PVT,AVE,added
AWB,RIB,added
OLQ,IL1,added
RIF,AVD,added
RMG,SIB,added
ADF,URX,added
IL1,AVE,added
AIZ,BAG,added
AIN,CEP,added
RIF,AIA,added
AIM,ASH,added
ASJ,ASG,added
AVH,AIA,added
AIM,AIZ,added
ADF,AIB,added
URY,RME_DV,added
ADA,SAA,added
RIV,SMB,added
AIY,AIB,added
OLL,OLQ,added
URB,AVJ,added
RIM,SIA,added
ASI,AWA,added
ADL,SMB,added
URX,RMG,added
RME_LR,RMD_DV,added
RIC,CEP,added
CEP,IL1,added
BDU,AVJ,added
SMD,SIA,added
DVC,RIV,added
AVH,AVA,added
AIA,ADL,added
CEP,AVJ,added
SMD,CEP,added
ASER,PVQ,added
RIS,URY,added
ASI,ASG,added
AIN,RIM,added
IL2_LR,RME_LR,added
AIA,ADA,added
ADF,ASG,added
BDU,PVC,added
OLL,RMG,added
AWB,RIG,added
PVQ,ASER,added
RIM,OLL,added
URX,AVJ,added
IL2_LR,SMB,added
RIC,RIM,added
AIM,ALM,added
RIA,SMB,added
RIB,RIM,added
RIB,OLL,added
FLP,AVD,added
OLQ,IL2_DV,added
SMD,RIM,added
RIF,AVH,added
AVH,AVH,added
IL1,IL1,added
ADL,AWB,added
PVC,SIB,added
