Col1,Col2,Col3,Col4,Col5,Col6,Col7,Col8,Col9,__SourceFile
PVR,PDE,-,-,1,-,-,-,-,_extracted_txt/Ce_synapse_UNIX/Ce_synapse/White_Table/neurons/PVR_WT.txt
PVR,PDE,-,-,-,-,1,PDE,-,_extracted_txt/Ce_synapse_UNIX/Ce_synapse/White_Table/neurons/PVR_WT.txt
PVR,PVC,-,-,1,-,-,-,-,_extracted_txt/Ce_synapse_UNIX/Ce_synapse/White_Table/neurons/PVR_WT.txt
PVR,PVC,-,-,-,1,-,-,-,_extracted_txt/Ce_synapse_UNIX/Ce_synapse/White_Table/neurons/PVR_WT.txt
PVR,AVK,-,-,-,1,-,-,-,_extracted_txt/Ce_synapse_UNIX/Ce_synapse/White_Table/neurons/PVR_WT.txt
PVR,DB2,-,-,-,1,-,-,-,_extracted_txt/Ce_synapse_UNIX/Ce_synapse/White_Table/neurons/PVR_WT.txt
PVR,DB3,-,-,-,1,-,-,-,_extracted_txt/Ce_synapse_UNIX/Ce_synapse/White_Table/neurons/PVR_WT.txt
PVR,DA9,-,-,-,1,-,-,-,_extracted_txt/Ce_synapse_UNIX/Ce_synapse/White_Table/neurons/PVR_WT.txt
PVR,DVA,2,-,-,-,-,-,-,_extracted_txt/Ce_synapse_UNIX/Ce_synapse/White_Table/neurons/PVR_WT.txt
PVR,DVA,-,1,-,-,-,-,-,_extracted_txt/Ce_synapse_UNIX/Ce_synapse/White_Table/neurons/PVR_WT.txt
PVR,DVA,-,-,2,-,-,-,-,_extracted_txt/Ce_synapse_UNIX/Ce_synapse/White_Table/neurons/PVR_WT.txt
PVR,PVM,-,-,2,-,-,-,-,_extracted_txt/Ce_synapse_UNIX/Ce_synapse/White_Table/neurons/PVR_WT.txt
PVR,LUA,2,-,-,-,-,-,-,_extracted_txt/Ce_synapse_UNIX/Ce_synapse/White_Table/neurons/PVR_WT.txt
PVR,LUA,-,1,-,-,-,-,-,_extracted_txt/Ce_synapse_UNIX/Ce_synapse/White_Table/neurons/PVR_WT.txt
PVR,PLM,2,-,-,-,-,-,-,_extracted_txt/Ce_synapse_UNIX/Ce_synapse/White_Table/neurons/PVR_WT.txt
PVQ,HSN,-,-,-,1,-,-,-,_extracted_txt/Ce_synapse_UNIX/Ce_synapse/White_Table/neurons/PVQ_WT.txt
PVQ,AVL,-,-,-,1,-,-,-,_extracted_txt/Ce_synapse_UNIX/Ce_synapse/White_Table/neurons/PVQ_WT.txt
PVQ,DD1,-,-,-,-,1,VD1,-,_extracted_txt/Ce_synapse_UNIX/Ce_synapse/White_Table/neurons/PVQ_WT.txt
PVQ,VD1,-,-,-,-,1,DD1,-,_extracted_txt/Ce_synapse_UNIX/Ce_synapse/White_Table/neurons/PVQ_WT.txt
PVQ,DVB,-,-,-,-,1,DVC,-,_extracted_txt/Ce_synapse_UNIX/Ce_synapse/White_Table/neurons/PVQ_WT.txt
PVQ,DVC,-,-,-,-,1,DVB,-,_extracted_txt/Ce_synapse_UNIX/Ce_synapse/White_Table/neurons/PVQ_WT.txt
PVQ,PVQ,2,-,-,-,-,-,-,_extracted_txt/Ce_synapse_UNIX/Ce_synapse/White_Table/neurons/PVQ_WT.txt
PVQ,PHA,-,-,4,-,-,-,-,_extracted_txt/Ce_synapse_UNIX/Ce_synapse/White_Table/neurons/PVQ_WT.txt
PVQ,VC3,-,2,-,-,-,-,-,_extracted_txt/Ce_synapse_UNIX/Ce_synapse/White_Table/neurons/PVQ_WT.txt
PVQ,VC3,-,-,1,-,-,-,-,_extracted_txt/Ce_synapse_UNIX/Ce_synapse/White_Table/neurons/PVQ_WT.txt
PVQ,AVH,-,1,-,-,-,-,-,_extracted_txt/Ce_synapse_UNIX/Ce_synapse/White_Table/neurons/PVQ_WT.txt
PVQ,AVH,-,-,2,-,-,-,-,_extracted_txt/Ce_synapse_UNIX/Ce_synapse/White_Table/neurons/PVQ_WT.txt
PVQ,AVK,-,1,-,-,-,-,-,_extracted_txt/Ce_synapse_UNIX/Ce_synapse/White_Table/neurons/PVQ_WT.txt
PVQ,AVJ,-,1,-,-,-,-,-,_extracted_txt/Ce_synapse_UNIX/Ce_synapse/White_Table/neurons/PVQ_WT.txt
PVQ,AVF,1,-,-,-,-,-,-,_extracted_txt/Ce_synapse_UNIX/Ce_synapse/White_Table/neurons/PVQ_WT.txt
PVQ,AVF,-,-,1,-,-,-,-,_extracted_txt/Ce_synapse_UNIX/Ce_synapse/White_Table/neurons/PVQ_WT.txt
PVQ,AVG,-,-,1,-,-,-,-,_extracted_txt/Ce_synapse_UNIX/Ce_synapse/White_Table/neurons/PVQ_WT.txt
PVQ,ADA,1,-,-,-,-,-,-,_extracted_txt/Ce_synapse_UNIX/Ce_synapse/White_Table/neurons/PVQ_WT.txt
PVT,PVW,-,1,-,-,-,-,-,_extracted_txt/Ce_synapse_UNIX/Ce_synapse/White_Table/neurons/PVT_WT.txt
PVT,PVW,-,-,2,-,-,-,-,_extracted_txt/Ce_synapse_UNIX/Ce_synapse/White_Table/neurons/PVT_WT.txt
PVT,PVN,-,2,-,-,-,-,-,_extracted_txt/Ce_synapse_UNIX/Ce_synapse/White_Table/neurons/PVT_WT.txt
PVT,PVP,1,-,-,-,-,-,-,_extracted_txt/Ce_synapse_UNIX/Ce_synapse/White_Table/neurons/PVT_WT.txt
AVG,AVB,-,-,-,3,-,-,-,_extracted_txt/Ce_synapse_UNIX/Ce_synapse/White_Table/neurons/AVG_WT.txt
AVG,AVB,-,-,-,-,1,AVJ,-,_extracted_txt/Ce_synapse_UNIX/Ce_synapse/White_Table/neurons/AVG_WT.txt
AVG,AVA,-,-,-,1,-,-,-,_extracted_txt/Ce_synapse_UNIX/Ce_synapse/White_Table/neurons/AVG_WT.txt
AVG,AVA,-,-,-,-,1,PVC,-,_extracted_txt/Ce_synapse_UNIX/Ce_synapse/White_Table/neurons/AVG_WT.txt
AVG,AVA,-,-,-,-,1,HSN,-,_extracted_txt/Ce_synapse_UNIX/Ce_synapse/White_Table/neurons/AVG_WT.txt
AVG,PHA,-,2,-,-,-,-,-,_extracted_txt/Ce_synapse_UNIX/Ce_synapse/White_Table/neurons/AVG_WT.txt
AVG,PHA,-,-,6,-,-,-,-,_extracted_txt/Ce_synapse_UNIX/Ce_synapse/White_Table/neurons/AVG_WT.txt
AVG,PHA,-,-,-,-,1,PVQ,-,_extracted_txt/Ce_synapse_UNIX/Ce_synapse/White_Table/neurons/AVG_WT.txt
AVG,PHA,-,-,-,-,1,DA8,-,_extracted_txt/Ce_synapse_UNIX/Ce_synapse/White_Table/neurons/AVG_WT.txt
AVG,AVE,-,-,-,-,1,AVE,-,_extracted_txt/Ce_synapse_UNIX/Ce_synapse/White_Table/neurons/AVG_WT.txt
AVG,AVF,-,1,-,-,-,-,-,_extracted_txt/Ce_synapse_UNIX/Ce_synapse/White_Table/neurons/AVG_WT.txt
AVG,AVF,-,-,1,-,-,-,-,_extracted_txt/Ce_synapse_UNIX/Ce_synapse/White_Table/neurons/AVG_WT.txt
AVG,AVF,-,-,-,1,-,-,-,_extracted_txt/Ce_synapse_UNIX/Ce_synapse/White_Table/neurons/AVG_WT.txt
AVG,VA11,-,-,-,1,-,-,-,_extracted_txt/Ce_synapse_UNIX/Ce_synapse/White_Table/neurons/AVG_WT.txt
AVG,AVD,-,-,-,1,-,-,-,_extracted_txt/Ce_synapse_UNIX/Ce_synapse/White_Table/neurons/AVG_WT.txt
AVG,DVB,-,-,-,1,-,-,-,_extracted_txt/Ce_synapse_UNIX/Ce_synapse/White_Table/neurons/AVG_WT.txt
AVG,HDC,-,-,-,1,-,-,-,_extracted_txt/Ce_synapse_UNIX/Ce_synapse/White_Table/neurons/AVG_WT.txt
AVG,DA8,-,-,-,-,1,PHA,-,_extracted_txt/Ce_synapse_UNIX/Ce_synapse/White_Table/neurons/AVG_WT.txt
AVG,PVQ,-,-,-,-,1,PHA,-,_extracted_txt/Ce_synapse_UNIX/Ce_synapse/White_Table/neurons/AVG_WT.txt
AVG,PVC,-,-,-,-,1,AVA,-,_extracted_txt/Ce_synapse_UNIX/Ce_synapse/White_Table/neurons/AVG_WT.txt
AVG,AVJ,-,-,-,-,1,AVB,-,_extracted_txt/Ce_synapse_UNIX/Ce_synapse/White_Table/neurons/AVG_WT.txt
AVG,AVL,-,-,-,-,1,PVP,-,_extracted_txt/Ce_synapse_UNIX/Ce_synapse/White_Table/neurons/AVG_WT.txt
AVG,PVP,-,-,-,-,1,AVL,-,_extracted_txt/Ce_synapse_UNIX/Ce_synapse/White_Table/neurons/AVG_WT.txt
AVG,HSN,-,-,-,-,1,AVA,-,_extracted_txt/Ce_synapse_UNIX/Ce_synapse/White_Table/neurons/AVG_WT.txt
AVG,PQR,-,1,-,-,-,-,-,_extracted_txt/Ce_synapse_UNIX/Ce_synapse/White_Table/neurons/AVG_WT.txt
AVG,RIF,2,-,-,-,-,-,-,_extracted_txt/Ce_synapse_UNIX/Ce_synapse/White_Table/neurons/AVG_WT.txt
AVG,PVN,-,-,1,-,-,-,-,_extracted_txt/Ce_synapse_UNIX/Ce_synapse/White_Table/neurons/AVG_WT.txt
AVG,PVN,-,-,-,1,-,-,-,_extracted_txt/Ce_synapse_UNIX/Ce_synapse/White_Table/neurons/AVG_WT.txt
AVG,PVN,-,-,-,-,1,AVA,wt1,_extracted_txt/Ce_synapse_UNIX/Ce_synapse/White_Table/neurons/AVG_WT.txt
AVJ,AVE,-,-,-,2,-,-,-,_extracted_txt/Ce_synapse_UNIX/Ce_synapse/White_Table/neurons/AVJ_WT.txt
AVJ,AVE,-,-,-,-,2,AVD,-,_extracted_txt/Ce_synapse_UNIX/Ce_synapse/White_Table/neurons/AVJ_WT.txt
AVJ,AVD,2,-,-,-,-,-,-,_extracted_txt/Ce_synapse_UNIX/Ce_synapse/White_Table/neurons/AVJ_WT.txt
AVJ,AVD,-,-,-,-,2,AVE,-,_extracted_txt/Ce_synapse_UNIX/Ce_synapse/White_Table/neurons/AVJ_WT.txt
AVJ,AVD,-,-,-,-,1,AVA,-,_extracted_txt/Ce_synapse_UNIX/Ce_synapse/White_Table/neurons/AVJ_WT.txt
AVJ,AVA,-,-,-,-,1,AVD,-,_extracted_txt/Ce_synapse_UNIX/Ce_synapse/White_Table/neurons/AVJ_WT.txt
AVJ,AVA,-,-,-,-,1,SABV,-,_extracted_txt/Ce_synapse_UNIX/Ce_synapse/White_Table/neurons/AVJ_WT.txt
AVJ,HSN,-,-,-,1,-,-,-,_extracted_txt/Ce_synapse_UNIX/Ce_synapse/White_Table/neurons/AVJ_WT.txt
AVJ,PVN,-,2,-,-,-,-,-,_extracted_txt/Ce_synapse_UNIX/Ce_synapse/White_Table/neurons/AVJ_WT.txt
AVJ,PVN,-,-,4,-,-,-,-,_extracted_txt/Ce_synapse_UNIX/Ce_synapse/White_Table/neurons/AVJ_WT.txt
AVJ,PVN,-,-,-,1,-,-,-,_extracted_txt/Ce_synapse_UNIX/Ce_synapse/White_Table/neurons/AVJ_WT.txt
AVJ,AVB,-,-,-,1,-,-,-,_extracted_txt/Ce_synapse_UNIX/Ce_synapse/White_Table/neurons/AVJ_WT.txt
AVJ,PVQ,-,-,-,1,-,-,-,_extracted_txt/Ce_synapse_UNIX/Ce_synapse/White_Table/neurons/AVJ_WT.txt
AVJ,AVF,-,1,-,-,-,-,-,_extracted_txt/Ce_synapse_UNIX/Ce_synapse/White_Table/neurons/AVJ_WT.txt
AVJ,AVF,-,-,2,-,-,-,-,_extracted_txt/Ce_synapse_UNIX/Ce_synapse/White_Table/neurons/AVJ_WT.txt
AVJ,AVF,-,-,-,-,1,AVH,-,_extracted_txt/Ce_synapse_UNIX/Ce_synapse/White_Table/neurons/AVJ_WT.txt
AVJ,AVH,-,-,1,-,-,-,-,_extracted_txt/Ce_synapse_UNIX/Ce_synapse/White_Table/neurons/AVJ_WT.txt
AVJ,AVH,-,-,-,-,1,AVF,-,_extracted_txt/Ce_synapse_UNIX/Ce_synapse/White_Table/neurons/AVJ_WT.txt
AVJ,SABV,-,-,-,-,1,AVA,-,_extracted_txt/Ce_synapse_UNIX/Ce_synapse/White_Table/neurons/AVJ_WT.txt
AVJ,LUA,-,-,2,-,-,-,-,_extracted_txt/Ce_synapse_UNIX/Ce_synapse/White_Table/neurons/AVJ_WT.txt
AVJ,PVW,-,-,1,-,-,-,-,_extracted_txt/Ce_synapse_UNIX/Ce_synapse/White_Table/neurons/AVJ_WT.txt
AVJ,AVG,-,-,1,-,-,-,-,_extracted_txt/Ce_synapse_UNIX/Ce_synapse/White_Table/neurons/AVJ_WT.txt
AVJ,AVJ,4,-,-,-,-,-,-,_extracted_txt/Ce_synapse_UNIX/Ce_synapse/White_Table/neurons/AVJ_WT.txt
AVJ,PVC,2,-,-,-,-,-,-,_extracted_txt/Ce_synapse_UNIX/Ce_synapse/White_Table/neurons/AVJ_WT.txt
PVP,AVL,-,-,-,1,-,-,-,_extracted_txt/Ce_synapse_UNIX/Ce_synapse/White_Table/neurons/PVP_WT.txt
PVP,AVL,-,-,-,-,1,PVQ,-,_extracted_txt/Ce_synapse_UNIX/Ce_synapse/White_Table/neurons/PVP_WT.txt
PVP,AVL,-,-,-,-,1,DVC,-,_extracted_txt/Ce_synapse_UNIX/Ce_synapse/White_Table/neurons/PVP_WT.txt
PVP,AVL,-,-,-,-,1,DD2,-,_extracted_txt/Ce_synapse_UNIX/Ce_synapse/White_Table/neurons/PVP_WT.txt
PVP,HDC,-,-,-,3,-,-,-,_extracted_txt/Ce_synapse_UNIX/Ce_synapse/White_Table/neurons/PVP_WT.txt
PVP,DVC,12,-,-,-,-,-,-,_extracted_txt/Ce_synapse_UNIX/Ce_synapse/White_Table/neurons/PVP_WT.txt
PVP,DVC,-,-,-,1,-,-,-,_extracted_txt/Ce_synapse_UNIX/Ce_synapse/White_Table/neurons/PVP_WT.txt
PVP,DVC,-,-,-,-,1,AVL,-,_extracted_txt/Ce_synapse_UNIX/Ce_synapse/White_Table/neurons/PVP_WT.txt
PVP,PVQ,-,-,-,-,1,AVL,-,_extracted_txt/Ce_synapse_UNIX/Ce_synapse/White_Table/neurons/PVP_WT.txt
PVP,PVC,-,-,-,-,1,AVH,-,_extracted_txt/Ce_synapse_UNIX/Ce_synapse/White_Table/neurons/PVP_WT.txt
PVP,AVH,-,-,-,-,1,PVC,-,_extracted_txt/Ce_synapse_UNIX/Ce_synapse/White_Table/neurons/PVP_WT.txt
PVP,DD2,-,-,-,-,1,AVL,-,_extracted_txt/Ce_synapse_UNIX/Ce_synapse/White_Table/neurons/PVP_WT.txt
PVP,DVB,-,1,-,-,-,-,-,_extracted_txt/Ce_synapse_UNIX/Ce_synapse/White_Table/neurons/PVP_WT.txt
PVP,DVB,-,-,1,-,-,-,-,_extracted_txt/Ce_synapse_UNIX/Ce_synapse/White_Table/neurons/PVP_WT.txt
PVP,VC3,-,-,1,-,-,-,-,_extracted_txt/Ce_synapse_UNIX/Ce_synapse/White_Table/neurons/PVP_WT.txt
PVP,AVG,-,-,1,-,-,-,-,_extracted_txt/Ce_synapse_UNIX/Ce_synapse/White_Table/neurons/PVP_WT.txt
PVP,VC1,-,-,1,-,-,-,-,_extracted_txt/Ce_synapse_UNIX/Ce_synapse/White_Table/neurons/PVP_WT.txt
PVP,AVK,5,-,-,-,-,-,-,_extracted_txt/Ce_synapse_UNIX/Ce_synapse/White_Table/neurons/PVP_WT.txt
PVP,PQR,4,-,-,-,-,-,-,_extracted_txt/Ce_synapse_UNIX/Ce_synapse/White_Table/neurons/PVP_WT.txt
PVP,PHA,3,-,-,-,-,-,-,_extracted_txt/Ce_synapse_UNIX/Ce_synapse/White_Table/neurons/PVP_WT.txt
PVP,AQR,3,-,-,-,-,-,-,_extracted_txt/Ce_synapse_UNIX/Ce_synapse/White_Table/neurons/PVP_WT.txt
PVP,VD13,2,-,-,-,-,-,-,_extracted_txt/Ce_synapse_UNIX/Ce_synapse/White_Table/neurons/PVP_WT.txt
PVP,PVT,1,-,-,-,-,-,-,_extracted_txt/Ce_synapse_UNIX/Ce_synapse/White_Table/neurons/PVP_WT.txt
PVP,PVP,1,-,-,-,-,-,-,_extracted_txt/Ce_synapse_UNIX/Ce_synapse/White_Table/neurons/PVP_WT.txt
PVP,VD3,1,-,-,-,-,-,-,_extracted_txt/Ce_synapse_UNIX/Ce_synapse/White_Table/neurons/PVP_WT.txt
PVP,VD4,1,-,-,-,-,-,-,_extracted_txt/Ce_synapse_UNIX/Ce_synapse/White_Table/neurons/PVP_WT.txt
PVP,VD5,1,-,-,-,-,-,-,_extracted_txt/Ce_synapse_UNIX/Ce_synapse/White_Table/neurons/PVP_WT.txt
AVE,AVA,-,-,3,-,-,-,-,_extracted_txt/Ce_synapse_UNIX/Ce_synapse/White_Table/neurons/AVE_WT.txt
AVE,AVA,-,-,-,8,-,-,-,_extracted_txt/Ce_synapse_UNIX/Ce_synapse/White_Table/neurons/AVE_WT.txt
AVE,AVA,-,-,-,-,6,DA1,-,_extracted_txt/Ce_synapse_UNIX/Ce_synapse/White_Table/neurons/AVE_WT.txt
AVE,AVA,-,-,-,-,5,DA2,-,_extracted_txt/Ce_synapse_UNIX/Ce_synapse/White_Table/neurons/AVE_WT.txt
AVE,AVA,-,-,-,-,4,SABV,-,_extracted_txt/Ce_synapse_UNIX/Ce_synapse/White_Table/neurons/AVE_WT.txt
AVE,AVA,-,-,-,-,4,AS1,-,_extracted_txt/Ce_synapse_UNIX/Ce_synapse/White_Table/neurons/AVE_WT.txt
AVE,AVA,-,-,-,-,4,AVA,-,_extracted_txt/Ce_synapse_UNIX/Ce_synapse/White_Table/neurons/AVE_WT.txt
AVE,AVA,-,-,-,-,2,DA3,-,_extracted_txt/Ce_synapse_UNIX/Ce_synapse/White_Table/neurons/AVE_WT.txt
AVE,AVA,-,-,-,-,2,AS2,-,_extracted_txt/Ce_synapse_UNIX/Ce_synapse/White_Table/neurons/AVE_WT.txt
AVE,AVA,-,-,-,-,2,DB3,-,_extracted_txt/Ce_synapse_UNIX/Ce_synapse/White_Table/neurons/AVE_WT.txt
AVE,AVA,-,-,-,-,2,VA2,-,_extracted_txt/Ce_synapse_UNIX/Ce_synapse/White_Table/neurons/AVE_WT.txt
AVE,AVA,-,-,-,-,1,PVC,-,_extracted_txt/Ce_synapse_UNIX/Ce_synapse/White_Table/neurons/AVE_WT.txt
AVE,AVA,-,-,-,-,1,VA3,-,_extracted_txt/Ce_synapse_UNIX/Ce_synapse/White_Table/neurons/AVE_WT.txt
AVE,AVA,-,-,-,-,1,DA4,-,_extracted_txt/Ce_synapse_UNIX/Ce_synapse/White_Table/neurons/AVE_WT.txt
AVE,AVA,-,-,-,-,1,AVD,-,_extracted_txt/Ce_synapse_UNIX/Ce_synapse/White_Table/neurons/AVE_WT.txt
AVE,AVA,-,-,-,-,1,VA4,-,_extracted_txt/Ce_synapse_UNIX/Ce_synapse/White_Table/neurons/AVE_WT.txt
AVE,SABV,-,-,-,-,4,SABD,-,_extracted_txt/Ce_synapse_UNIX/Ce_synapse/White_Table/neurons/AVE_WT.txt
AVE,SABV,-,-,-,-,4,AVA,-,_extracted_txt/Ce_synapse_UNIX/Ce_synapse/White_Table/neurons/AVE_WT.txt
AVE,SABV,-,-,-,-,4,DA1,-,_extracted_txt/Ce_synapse_UNIX/Ce_synapse/White_Table/neurons/AVE_WT.txt
AVE,SABV,-,-,-,-,3,VA1,-,_extracted_txt/Ce_synapse_UNIX/Ce_synapse/White_Table/neurons/AVE_WT.txt
AVE,SABV,-,-,-,-,2,SABV,-,_extracted_txt/Ce_synapse_UNIX/Ce_synapse/White_Table/neurons/AVE_WT.txt
AVE,DA1,-,-,-,-,6,AVA,-,_extracted_txt/Ce_synapse_UNIX/Ce_synapse/White_Table/neurons/AVE_WT.txt
AVE,DA1,-,-,-,-,4,SABV,-,_extracted_txt/Ce_synapse_UNIX/Ce_synapse/White_Table/neurons/AVE_WT.txt
AVE,DA1,-,-,-,-,2,SABD,-,_extracted_txt/Ce_synapse_UNIX/Ce_synapse/White_Table/neurons/AVE_WT.txt
AVE,SABD,-,-,-,-,4,SABV,-,_extracted_txt/Ce_synapse_UNIX/Ce_synapse/White_Table/neurons/AVE_WT.txt
AVE,SABD,-,-,-,-,2,VA1,-,_extracted_txt/Ce_synapse_UNIX/Ce_synapse/White_Table/neurons/AVE_WT.txt
AVE,SABD,-,-,-,-,2,DA1,-,_extracted_txt/Ce_synapse_UNIX/Ce_synapse/White_Table/neurons/AVE_WT.txt
AVE,VA1,-,-,-,-,3,SABV,-,_extracted_txt/Ce_synapse_UNIX/Ce_synapse/White_Table/neurons/AVE_WT.txt
AVE,VA1,-,-,-,-,2,SABD,-,_extracted_txt/Ce_synapse_UNIX/Ce_synapse/White_Table/neurons/AVE_WT.txt
AVE,VA1,-,-,-,-,1,VA3,-,_extracted_txt/Ce_synapse_UNIX/Ce_synapse/White_Table/neurons/AVE_WT.txt
AVE,VA3,-,-,-,3,-,-,-,_extracted_txt/Ce_synapse_UNIX/Ce_synapse/White_Table/neurons/AVE_WT.txt
AVE,VA3,-,-,-,-,1,AVA,-,_extracted_txt/Ce_synapse_UNIX/Ce_synapse/White_Table/neurons/AVE_WT.txt
AVE,VA3,-,-,-,-,1,VD3,-,_extracted_txt/Ce_synapse_UNIX/Ce_synapse/White_Table/neurons/AVE_WT.txt
AVE,VA3,-,-,-,-,1,VA1,-,_extracted_txt/Ce_synapse_UNIX/Ce_synapse/White_Table/neurons/AVE_WT.txt
AVE,DA2,-,-,-,1,-,-,-,_extracted_txt/Ce_synapse_UNIX/Ce_synapse/White_Table/neurons/AVE_WT.txt
AVE,DA2,-,-,-,-,5,AVA,-,_extracted_txt/Ce_synapse_UNIX/Ce_synapse/White_Table/neurons/AVE_WT.txt
AVE,AS1,-,-,-,1,-,-,-,_extracted_txt/Ce_synapse_UNIX/Ce_synapse/White_Table/neurons/AVE_WT.txt
AVE,AS1,-,-,-,-,4,AVA,-,_extracted_txt/Ce_synapse_UNIX/Ce_synapse/White_Table/neurons/AVE_WT.txt
AVE,DA3,-,-,-,2,-,-,-,_extracted_txt/Ce_synapse_UNIX/Ce_synapse/White_Table/neurons/AVE_WT.txt
AVE,DA3,-,-,-,-,2,AVA,-,_extracted_txt/Ce_synapse_UNIX/Ce_synapse/White_Table/neurons/AVE_WT.txt
AVE,DB3,-,-,-,-,2,AVA,-,_extracted_txt/Ce_synapse_UNIX/Ce_synapse/White_Table/neurons/AVE_WT.txt
AVE,AS2,-,-,-,-,2,AVA,-,_extracted_txt/Ce_synapse_UNIX/Ce_synapse/White_Table/neurons/AVE_WT.txt
AVE,VA2,-,-,-,-,2,AVA,-,_extracted_txt/Ce_synapse_UNIX/Ce_synapse/White_Table/neurons/AVE_WT.txt
AVE,PVC,-,-,1,-,-,-,-,_extracted_txt/Ce_synapse_UNIX/Ce_synapse/White_Table/neurons/AVE_WT.txt
AVE,PVC,-,-,-,-,1,AVA,-,_extracted_txt/Ce_synapse_UNIX/Ce_synapse/White_Table/neurons/AVE_WT.txt
AVE,DVB,-,-,-,-,1,VD2,-,_extracted_txt/Ce_synapse_UNIX/Ce_synapse/White_Table/neurons/AVE_WT.txt
AVE,VD2,-,-,-,-,1,DVB,-,_extracted_txt/Ce_synapse_UNIX/Ce_synapse/White_Table/neurons/AVE_WT.txt
AVE,VD3,-,-,-,-,1,VA3,-,_extracted_txt/Ce_synapse_UNIX/Ce_synapse/White_Table/neurons/AVE_WT.txt
AVE,DA4,-,-,-,-,1,AVA,-,_extracted_txt/Ce_synapse_UNIX/Ce_synapse/White_Table/neurons/AVE_WT.txt
AVE,AVD,-,-,-,-,1,AVA,-,_extracted_txt/Ce_synapse_UNIX/Ce_synapse/White_Table/neurons/AVE_WT.txt
AVE,AS3,-,-,-,1,-,-,-,_extracted_txt/Ce_synapse_UNIX/Ce_synapse/White_Table/neurons/AVE_WT.txt
AVE,VA6,-,-,-,1,-,-,-,_extracted_txt/Ce_synapse_UNIX/Ce_synapse/White_Table/neurons/AVE_WT.txt
AVE,VA4,-,-,-,-,1,AVA,-,_extracted_txt/Ce_synapse_UNIX/Ce_synapse/White_Table/neurons/AVE_WT.txt
AVE,AVJ,-,2,-,-,-,-,-,_extracted_txt/Ce_synapse_UNIX/Ce_synapse/White_Table/neurons/AVE_WT.txt
AVE,AVJ,-,-,2,-,-,-,-,_extracted_txt/Ce_synapse_UNIX/Ce_synapse/White_Table/neurons/AVE_WT.txt
AVE,AVB,-,1,-,-,-,-,-,_extracted_txt/Ce_synapse_UNIX/Ce_synapse/White_Table/neurons/AVE_WT.txt
AVE,AVB,-,-,1,-,-,-,-,_extracted_txt/Ce_synapse_UNIX/Ce_synapse/White_Table/neurons/AVE_WT.txt
AVE,AVG,-,-,2,-,-,-,-,_extracted_txt/Ce_synapse_UNIX/Ce_synapse/White_Table/neurons/AVE_WT.txt
AVE,AVL,-,-,1,-,-,-,-,_extracted_txt/Ce_synapse_UNIX/Ce_synapse/White_Table/neurons/AVE_WT.txt
AVF,AVH,8,-,-,-,-,-,-,_extracted_txt/Ce_synapse_UNIX/Ce_synapse/White_Table/neurons/AVF_WT_correct.txt
AVF,AVH,-,-,6,-,-,-,-,_extracted_txt/Ce_synapse_UNIX/Ce_synapse/White_Table/neurons/AVF_WT_correct.txt
AVF,AVH,-,-,-,1,-,-,-,_extracted_txt/Ce_synapse_UNIX/Ce_synapse/White_Table/neurons/AVF_WT_correct.txt
AVF,AVH,-,-,-,-,1,AVL,-,_extracted_txt/Ce_synapse_UNIX/Ce_synapse/White_Table/neurons/AVF_WT_correct.txt
AVF,AVH,-,-,-,-,1,AVF,-,_extracted_txt/Ce_synapse_UNIX/Ce_synapse/White_Table/neurons/AVF_WT_correct.txt
AVF,AVH,-,-,-,-,1,AVB,-,_extracted_txt/Ce_synapse_UNIX/Ce_synapse/White_Table/neurons/AVF_WT_correct.txt
AVF,AVH,-,-,-,-,1,AVJ,-,_extracted_txt/Ce_synapse_UNIX/Ce_synapse/White_Table/neurons/AVF_WT_correct.txt
AVF,AVB,-,-,-,1,-,-,-,_extracted_txt/Ce_synapse_UNIX/Ce_synapse/White_Table/neurons/AVF_WT_correct.txt
AVF,AVB,-,-,-,-,1,AVG,-,_extracted_txt/Ce_synapse_UNIX/Ce_synapse/White_Table/neurons/AVF_WT_correct.txt
AVF,AVB,-,-,-,-,1,AVJ,-,_extracted_txt/Ce_synapse_UNIX/Ce_synapse/White_Table/neurons/AVF_WT_correct.txt
AVF,AVB,-,-,-,-,1,AVH,-,_extracted_txt/Ce_synapse_UNIX/Ce_synapse/White_Table/neurons/AVF_WT_correct.txt
AVF,AVF,21,-,-,-,-,-,-,_extracted_txt/Ce_synapse_UNIX/Ce_synapse/White_Table/neurons/AVF_WT_correct.txt
AVF,AVF,-,1,-,-,-,-,-,_extracted_txt/Ce_synapse_UNIX/Ce_synapse/White_Table/neurons/AVF_WT_correct.txt
AVF,AVF,-,-,2,-,-,-,-,_extracted_txt/Ce_synapse_UNIX/Ce_synapse/White_Table/neurons/AVF_WT_correct.txt
AVF,AVF,-,-,-,1,-,-,-,_extracted_txt/Ce_synapse_UNIX/Ce_synapse/White_Table/neurons/AVF_WT_correct.txt
AVF,AVF,-,-,-,-,1,PVT,wt1,_extracted_txt/Ce_synapse_UNIX/Ce_synapse/White_Table/neurons/AVF_WT_correct.txt
AVF,AVF,-,-,-,-,1,AVH,-,_extracted_txt/Ce_synapse_UNIX/Ce_synapse/White_Table/neurons/AVF_WT_correct.txt
AVF,AVJ,1,-,-,-,-,-,-,_extracted_txt/Ce_synapse_UNIX/Ce_synapse/White_Table/neurons/AVF_WT_correct.txt
AVF,AVJ,-,-,1,-,-,-,-,_extracted_txt/Ce_synapse_UNIX/Ce_synapse/White_Table/neurons/AVF_WT_correct.txt
AVF,AVJ,-,-,-,1,-,-,-,_extracted_txt/Ce_synapse_UNIX/Ce_synapse/White_Table/neurons/AVF_WT_correct.txt
AVF,AVJ,-,-,-,-,1,AVB,-,_extracted_txt/Ce_synapse_UNIX/Ce_synapse/White_Table/neurons/AVF_WT_correct.txt
AVF,AVJ,-,-,-,-,1,AVH,-,_extracted_txt/Ce_synapse_UNIX/Ce_synapse/White_Table/neurons/AVF_WT_correct.txt
AVF,NMJ,-,-,-,2,-,-,-,_extracted_txt/Ce_synapse_UNIX/Ce_synapse/White_Table/neurons/AVF_WT_correct.txt
AVF,AVG,-,1,-,-,-,-,-,_extracted_txt/Ce_synapse_UNIX/Ce_synapse/White_Table/neurons/AVF_WT_correct.txt
AVF,AVG,-,-,-,1,-,-,-,_extracted_txt/Ce_synapse_UNIX/Ce_synapse/White_Table/neurons/AVF_WT_correct.txt
AVF,AVG,-,-,-,-,1,AVB,-,_extracted_txt/Ce_synapse_UNIX/Ce_synapse/White_Table/neurons/AVF_WT_correct.txt
AVF,PVQ,1,-,-,-,-,-,-,_extracted_txt/Ce_synapse_UNIX/Ce_synapse/White_Table/neurons/AVF_WT_correct.txt
AVF,PVQ,-,-,-,-,1,PDE,-,_extracted_txt/Ce_synapse_UNIX/Ce_synapse/White_Table/neurons/AVF_WT_correct.txt
AVF,PDE,-,-,-,-,1,PVQ,-,_extracted_txt/Ce_synapse_UNIX/Ce_synapse/White_Table/neurons/AVF_WT_correct.txt
AVF,AVL,-,-,1,-,-,-,-,_extracted_txt/Ce_synapse_UNIX/Ce_synapse/White_Table/neurons/AVF_WT_correct.txt
AVF,AVL,-,-,-,-,1,AVH,-,_extracted_txt/Ce_synapse_UNIX/Ce_synapse/White_Table/neurons/AVF_WT_correct.txt
AVF,VD11,-,-,-,1,-,-,-,_extracted_txt/Ce_synapse_UNIX/Ce_synapse/White_Table/neurons/AVF_WT_correct.txt
AVF,PHA,-,-,3,-,-,-,-,_extracted_txt/Ce_synapse_UNIX/Ce_synapse/White_Table/neurons/AVF_WT_correct.txt
AVF,VC5,-,1,-,-,-,-,-,_extracted_txt/Ce_synapse_UNIX/Ce_synapse/White_Table/neurons/AVF_WT_correct.txt
AVF,VC5,-,-,1,-,-,-,-,_extracted_txt/Ce_synapse_UNIX/Ce_synapse/White_Table/neurons/AVF_WT_correct.txt
AVF,PHB,-,-,1,-,-,-,-,_extracted_txt/Ce_synapse_UNIX/Ce_synapse/White_Table/neurons/AVF_WT_correct.txt
AVF,VC4,2,-,-,-,-,-,-,_extracted_txt/Ce_synapse_UNIX/Ce_synapse/White_Table/neurons/AVF_WT_correct.txt
AVF,PVT,-,-,-,-,1,AVF,wt1,_extracted_txt/Ce_synapse_UNIX/Ce_synapse/White_Table/neurons/AVF_WT_correct.txt
PVM,AVK,-,1,-,-,-,-,-,_extracted_txt/Ce_synapse_UNIX/Ce_synapse/White_Table/neurons/PVM_WT.txt
PVM,AVK,-,-,-,7,-,-,-,_extracted_txt/Ce_synapse_UNIX/Ce_synapse/White_Table/neurons/PVM_WT.txt
PVM,AVK,-,-,-,-,1,AVM,-,_extracted_txt/Ce_synapse_UNIX/Ce_synapse/White_Table/neurons/PVM_WT.txt
PVM,AVK,-,-,-,-,1,PVR,-,_extracted_txt/Ce_synapse_UNIX/Ce_synapse/White_Table/neurons/PVM_WT.txt
PVM,AVK,-,-,-,-,1,PDE,-,_extracted_txt/Ce_synapse_UNIX/Ce_synapse/White_Table/neurons/PVM_WT.txt
PVM,AVK,-,-,-,-,1,DVA,-,_extracted_txt/Ce_synapse_UNIX/Ce_synapse/White_Table/neurons/PVM_WT.txt
PVM,PDE,2,-,-,-,-,-,-,_extracted_txt/Ce_synapse_UNIX/Ce_synapse/White_Table/neurons/PVM_WT.txt
PVM,PDE,-,-,2,-,-,-,-,_extracted_txt/Ce_synapse_UNIX/Ce_synapse/White_Table/neurons/PVM_WT.txt
PVM,PDE,-,-,-,3,-,-,-,_extracted_txt/Ce_synapse_UNIX/Ce_synapse/White_Table/neurons/PVM_WT.txt
PVM,PDE,-,-,-,-,5,PDE,-,_extracted_txt/Ce_synapse_UNIX/Ce_synapse/White_Table/neurons/PVM_WT.txt
PVM,PDE,-,-,-,-,1,AVK,-,_extracted_txt/Ce_synapse_UNIX/Ce_synapse/White_Table/neurons/PVM_WT.txt
PVM,PDE,-,-,-,-,1,PVR,-,_extracted_txt/Ce_synapse_UNIX/Ce_synapse/White_Table/neurons/PVM_WT.txt
PVM,DVA,-,-,-,1,-,-,-,_extracted_txt/Ce_synapse_UNIX/Ce_synapse/White_Table/neurons/PVM_WT.txt
PVM,DVA,-,-,-,-,1,AVK,-,_extracted_txt/Ce_synapse_UNIX/Ce_synapse/White_Table/neurons/PVM_WT.txt
PVM,DVA,-,-,-,-,1,HDC,-,_extracted_txt/Ce_synapse_UNIX/Ce_synapse/White_Table/neurons/PVM_WT.txt
PVM,PVC,-,-,-,2,-,-,-,_extracted_txt/Ce_synapse_UNIX/Ce_synapse/White_Table/neurons/PVM_WT.txt
PVM,PVR,-,-,-,-,1,PDE,-,_extracted_txt/Ce_synapse_UNIX/Ce_synapse/White_Table/neurons/PVM_WT.txt
PVM,PVR,-,-,-,-,1,AVK,-,_extracted_txt/Ce_synapse_UNIX/Ce_synapse/White_Table/neurons/PVM_WT.txt
PVM,AVM,-,-,-,-,1,AVK,-,_extracted_txt/Ce_synapse_UNIX/Ce_synapse/White_Table/neurons/PVM_WT.txt
PVM,HDC,-,-,-,-,1,DVA,-,_extracted_txt/Ce_synapse_UNIX/Ce_synapse/White_Table/neurons/PVM_WT.txt
PVM,AVL,1,-,-,-,-,-,-,_extracted_txt/Ce_synapse_UNIX/Ce_synapse/White_Table/neurons/PVM_WT.txt
AVH,AVF,8,-,-,-,-,-,-,_extracted_txt/Ce_synapse_UNIX/Ce_synapse/White_Table/neurons/AVH_WT.txt
AVH,AVF,-,3,-,-,-,-,-,_extracted_txt/Ce_synapse_UNIX/Ce_synapse/White_Table/neurons/AVH_WT.txt
AVH,AVF,-,-,5,-,-,-,-,_extracted_txt/Ce_synapse_UNIX/Ce_synapse/White_Table/neurons/AVH_WT.txt
AVH,AVF,-,-,-,-,2,AVH,-,_extracted_txt/Ce_synapse_UNIX/Ce_synapse/White_Table/neurons/AVH_WT.txt
AVH,AVF,-,-,-,-,2,AVF,-,_extracted_txt/Ce_synapse_UNIX/Ce_synapse/White_Table/neurons/AVH_WT.txt
AVH,AVF,-,-,-,-,1,PVQ,-,_extracted_txt/Ce_synapse_UNIX/Ce_synapse/White_Table/neurons/AVH_WT.txt
AVH,PVQ,-,-,-,-,1,AVF,-,_extracted_txt/Ce_synapse_UNIX/Ce_synapse/White_Table/neurons/AVH_WT.txt
AVH,PVQ,-,-,-,-,1,VD1,-,_extracted_txt/Ce_synapse_UNIX/Ce_synapse/White_Table/neurons/AVH_WT.txt
AVH,AVH,1,-,-,-,-,-,-,_extracted_txt/Ce_synapse_UNIX/Ce_synapse/White_Table/neurons/AVH_WT.txt
AVH,AVH,-,-,2,-,-,-,-,_extracted_txt/Ce_synapse_UNIX/Ce_synapse/White_Table/neurons/AVH_WT.txt
AVH,AVH,-,-,-,-,2,AVF,-,_extracted_txt/Ce_synapse_UNIX/Ce_synapse/White_Table/neurons/AVH_WT.txt
AVH,VD1,-,-,-,-,1,PVQ,-,_extracted_txt/Ce_synapse_UNIX/Ce_synapse/White_Table/neurons/AVH_WT.txt
AVH,AVJ,-,-,1,-,-,-,-,_extracted_txt/Ce_synapse_UNIX/Ce_synapse/White_Table/neurons/AVH_WT.txt
AVH,AVJ,-,-,-,-,1,AVB,-,_extracted_txt/Ce_synapse_UNIX/Ce_synapse/White_Table/neurons/AVH_WT.txt
AVH,AVB,-,-,-,-,1,AVJ,-,_extracted_txt/Ce_synapse_UNIX/Ce_synapse/White_Table/neurons/AVH_WT.txt
AVH,PHB,1,-,-,-,-,-,-,_extracted_txt/Ce_synapse_UNIX/Ce_synapse/White_Table/neurons/AVH_WT.txt
AVH,PHA,-,-,3,-,-,-,-,_extracted_txt/Ce_synapse_UNIX/Ce_synapse/White_Table/neurons/AVH_WT.txt
AVH,PVP,-,-,1,-,-,-,-,_extracted_txt/Ce_synapse_UNIX/Ce_synapse/White_Table/neurons/AVH_WT.txt
AVH,AVA,-,-,1,-,-,-,-,_extracted_txt/Ce_synapse_UNIX/Ce_synapse/White_Table/neurons/AVH_WT.txt
AVH,PHC,-,-,1,-,-,-,-,_extracted_txt/Ce_synapse_UNIX/Ce_synapse/White_Table/neurons/AVH_WT.txt
AVH,VC4,-,-,1,-,-,-,-,_extracted_txt/Ce_synapse_UNIX/Ce_synapse/White_Table/neurons/AVH_WT.txt
AVB,AVA,-,1,-,-,-,-,-,_extracted_txt/Ce_synapse_UNIX/Ce_synapse/White_Table/neurons/AVB_WT.txt
AVB,AVA,-,-,1,-,-,-,-,_extracted_txt/Ce_synapse_UNIX/Ce_synapse/White_Table/neurons/AVB_WT.txt
AVB,AVA,-,-,-,21,-,-,-,_extracted_txt/Ce_synapse_UNIX/Ce_synapse/White_Table/neurons/AVB_WT.txt
AVB,AVA,-,-,-,-,2,AVA,-,_extracted_txt/Ce_synapse_UNIX/Ce_synapse/White_Table/neurons/AVB_WT.txt
AVB,AVA,-,-,-,-,1,DA5,-,_extracted_txt/Ce_synapse_UNIX/Ce_synapse/White_Table/neurons/AVB_WT.txt
AVB,AVA,-,-,-,-,1,AVD,-,_extracted_txt/Ce_synapse_UNIX/Ce_synapse/White_Table/neurons/AVB_WT.txt
AVB,HDC,-,-,-,6,-,-,-,_extracted_txt/Ce_synapse_UNIX/Ce_synapse/White_Table/neurons/AVB_WT.txt
AVB,AVD,-,1,-,-,-,-,-,_extracted_txt/Ce_synapse_UNIX/Ce_synapse/White_Table/neurons/AVB_WT.txt
AVB,AVD,-,-,-,-,1,AVA,-,_extracted_txt/Ce_synapse_UNIX/Ce_synapse/White_Table/neurons/AVB_WT.txt
AVB,AVD,-,-,-,-,1,AVB,-,_extracted_txt/Ce_synapse_UNIX/Ce_synapse/White_Table/neurons/AVB_WT.txt
AVB,AVD,-,-,-,-,1,AVE,-,_extracted_txt/Ce_synapse_UNIX/Ce_synapse/White_Table/neurons/AVB_WT.txt
AVB,AVE,-,-,-,1,-,-,-,_extracted_txt/Ce_synapse_UNIX/Ce_synapse/White_Table/neurons/AVB_WT.txt
AVB,AVE,-,-,-,-,1,AVD,-,_extracted_txt/Ce_synapse_UNIX/Ce_synapse/White_Table/neurons/AVB_WT.txt
AVB,AVE,-,-,-,-,1,VA4,-,_extracted_txt/Ce_synapse_UNIX/Ce_synapse/White_Table/neurons/AVB_WT.txt
AVB,AS3,-,-,-,2,-,-,-,_extracted_txt/Ce_synapse_UNIX/Ce_synapse/White_Table/neurons/AVB_WT.txt
AVB,AVB,1,-,-,-,-,-,-,_extracted_txt/Ce_synapse_UNIX/Ce_synapse/White_Table/neurons/AVB_WT.txt
AVB,AVB,-,-,2,-,-,-,-,_extracted_txt/Ce_synapse_UNIX/Ce_synapse/White_Table/neurons/AVB_WT.txt
AVB,AVB,-,-,-,-,1,VD3,-,_extracted_txt/Ce_synapse_UNIX/Ce_synapse/White_Table/neurons/AVB_WT.txt
AVB,AVB,-,-,-,-,1,AVD,-,_extracted_txt/Ce_synapse_UNIX/Ce_synapse/White_Table/neurons/AVB_WT.txt
AVB,AS10,-,-,-,2,-,-,-,_extracted_txt/Ce_synapse_UNIX/Ce_synapse/White_Table/neurons/AVB_WT.txt
AVB,AS4,-,-,-,2,-,-,-,_extracted_txt/Ce_synapse_UNIX/Ce_synapse/White_Table/neurons/AVB_WT.txt
AVB,AS6,-,-,-,2,-,-,-,_extracted_txt/Ce_synapse_UNIX/Ce_synapse/White_Table/neurons/AVB_WT.txt
AVB,AS5,-,-,-,1,-,-,-,_extracted_txt/Ce_synapse_UNIX/Ce_synapse/White_Table/neurons/AVB_WT.txt
AVB,VA10,-,-,-,1,-,-,-,_extracted_txt/Ce_synapse_UNIX/Ce_synapse/White_Table/neurons/AVB_WT.txt
AVB,AVL,-,-,-,1,-,-,-,_extracted_txt/Ce_synapse_UNIX/Ce_synapse/White_Table/neurons/AVB_WT.txt
AVB,VA7,-,-,-,1,-,-,-,_extracted_txt/Ce_synapse_UNIX/Ce_synapse/White_Table/neurons/AVB_WT.txt
AVB,AS1,-,-,-,1,-,-,-,_extracted_txt/Ce_synapse_UNIX/Ce_synapse/White_Table/neurons/AVB_WT.txt
AVB,HSN,-,-,-,1,-,-,-,_extracted_txt/Ce_synapse_UNIX/Ce_synapse/White_Table/neurons/AVB_WT.txt
AVB,VA4,-,-,-,-,1,AVE,-,_extracted_txt/Ce_synapse_UNIX/Ce_synapse/White_Table/neurons/AVB_WT.txt
AVB,VD3,-,-,-,-,1,AVB,-,_extracted_txt/Ce_synapse_UNIX/Ce_synapse/White_Table/neurons/AVB_WT.txt
AVB,DA5,-,-,-,-,1,AVA,-,_extracted_txt/Ce_synapse_UNIX/Ce_synapse/White_Table/neurons/AVB_WT.txt
AVB,FLP,-,1,-,-,-,-,-,_extracted_txt/Ce_synapse_UNIX/Ce_synapse/White_Table/neurons/AVB_WT.txt
AVB,FLP,-,-,5,-,-,-,-,_extracted_txt/Ce_synapse_UNIX/Ce_synapse/White_Table/neurons/AVB_WT.txt
AVB,AVG,-,3,-,-,-,-,-,_extracted_txt/Ce_synapse_UNIX/Ce_synapse/White_Table/neurons/AVB_WT.txt
AVB,AVG,-,-,1,-,-,-,-,_extracted_txt/Ce_synapse_UNIX/Ce_synapse/White_Table/neurons/AVB_WT.txt
AVB,AVF,-,1,-,-,-,-,-,_extracted_txt/Ce_synapse_UNIX/Ce_synapse/White_Table/neurons/AVB_WT.txt
AVB,AVF,-,-,3,-,-,-,-,_extracted_txt/Ce_synapse_UNIX/Ce_synapse/White_Table/neurons/AVB_WT.txt
AVB,PVN,2,-,-,-,-,-,-,_extracted_txt/Ce_synapse_UNIX/Ce_synapse/White_Table/neurons/AVB_WT.txt
AVB,PVN,-,1,-,-,-,-,-,_extracted_txt/Ce_synapse_UNIX/Ce_synapse/White_Table/neurons/AVB_WT.txt
AVB,PVN,-,-,2,-,-,-,-,_extracted_txt/Ce_synapse_UNIX/Ce_synapse/White_Table/neurons/AVB_WT.txt
AVB,PVC,-,-,3,-,-,-,-,_extracted_txt/Ce_synapse_UNIX/Ce_synapse/White_Table/neurons/AVB_WT.txt
AVB,AVJ,-,1,-,-,-,-,-,_extracted_txt/Ce_synapse_UNIX/Ce_synapse/White_Table/neurons/AVB_WT.txt
AVB,AVH,-,-,1,-,-,-,-,_extracted_txt/Ce_synapse_UNIX/Ce_synapse/White_Table/neurons/AVB_WT.txt
AVB,VC4,-,-,1,-,-,-,-,_extracted_txt/Ce_synapse_UNIX/Ce_synapse/White_Table/neurons/AVB_WT.txt
AVB,DB3,5,-,-,-,-,-,-,_extracted_txt/Ce_synapse_UNIX/Ce_synapse/White_Table/neurons/AVB_WT.txt
AVB,VB7,4,-,-,-,-,-,-,_extracted_txt/Ce_synapse_UNIX/Ce_synapse/White_Table/neurons/AVB_WT.txt
AVB,DB7,3,-,-,-,-,-,-,_extracted_txt/Ce_synapse_UNIX/Ce_synapse/White_Table/neurons/AVB_WT.txt
AVB,VB11,3,-,-,-,-,-,-,_extracted_txt/Ce_synapse_UNIX/Ce_synapse/White_Table/neurons/AVB_WT.txt
AVB,VB4,2,-,-,-,-,-,-,_extracted_txt/Ce_synapse_UNIX/Ce_synapse/White_Table/neurons/AVB_WT.txt
AVB,DB5,2,-,-,-,-,-,-,_extracted_txt/Ce_synapse_UNIX/Ce_synapse/White_Table/neurons/AVB_WT.txt
AVB,VB8,2,-,-,-,-,-,-,_extracted_txt/Ce_synapse_UNIX/Ce_synapse/White_Table/neurons/AVB_WT.txt
AVB,DB1,2,-,-,-,-,-,-,_extracted_txt/Ce_synapse_UNIX/Ce_synapse/White_Table/neurons/AVB_WT.txt
AVB,VB5,1,-,-,-,-,-,-,_extracted_txt/Ce_synapse_UNIX/Ce_synapse/White_Table/neurons/AVB_WT.txt
AVB,DB4,1,-,-,-,-,-,-,_extracted_txt/Ce_synapse_UNIX/Ce_synapse/White_Table/neurons/AVB_WT.txt
AVB,DB2,1,-,-,-,-,-,-,_extracted_txt/Ce_synapse_UNIX/Ce_synapse/White_Table/neurons/AVB_WT.txt
AVB,VB1,1,-,-,-,-,-,-,_extracted_txt/Ce_synapse_UNIX/Ce_synapse/White_Table/neurons/AVB_WT.txt
AVB,VB3,1,-,-,-,-,-,-,_extracted_txt/Ce_synapse_UNIX/Ce_synapse/White_Table/neurons/AVB_WT.txt
AVG,AVB,-,-,-,3,-,-,-,_extracted_txt/Ce_synapse_UNIX/Ce_synapse/White_Table/neurons/AVG_WT_correct.txt
AVG,AVB,-,-,-,-,1,AVJ,-,_extracted_txt/Ce_synapse_UNIX/Ce_synapse/White_Table/neurons/AVG_WT_correct.txt
AVG,AVA,-,-,-,1,-,-,-,_extracted_txt/Ce_synapse_UNIX/Ce_synapse/White_Table/neurons/AVG_WT_correct.txt
AVG,AVA,-,-,-,-,1,PVC,-,_extracted_txt/Ce_synapse_UNIX/Ce_synapse/White_Table/neurons/AVG_WT_correct.txt
AVG,AVA,-,-,-,-,1,HSN,-,_extracted_txt/Ce_synapse_UNIX/Ce_synapse/White_Table/neurons/AVG_WT_correct.txt
AVG,AVA,-,-,-,-,1,PVN,wt1,_extracted_txt/Ce_synapse_UNIX/Ce_synapse/White_Table/neurons/AVG_WT_correct.txt
AVG,PHA,-,2,-,-,-,-,-,_extracted_txt/Ce_synapse_UNIX/Ce_synapse/White_Table/neurons/AVG_WT_correct.txt
AVG,PHA,-,-,6,-,-,-,-,_extracted_txt/Ce_synapse_UNIX/Ce_synapse/White_Table/neurons/AVG_WT_correct.txt
AVG,PHA,-,-,-,-,1,PVQ,-,_extracted_txt/Ce_synapse_UNIX/Ce_synapse/White_Table/neurons/AVG_WT_correct.txt
AVG,PHA,-,-,-,-,1,DA8,-,_extracted_txt/Ce_synapse_UNIX/Ce_synapse/White_Table/neurons/AVG_WT_correct.txt
AVG,AVE,-,-,-,-,1,AVE,-,_extracted_txt/Ce_synapse_UNIX/Ce_synapse/White_Table/neurons/AVG_WT_correct.txt
AVG,AVF,-,1,-,-,-,-,-,_extracted_txt/Ce_synapse_UNIX/Ce_synapse/White_Table/neurons/AVG_WT_correct.txt
AVG,AVF,-,-,1,-,-,-,-,_extracted_txt/Ce_synapse_UNIX/Ce_synapse/White_Table/neurons/AVG_WT_correct.txt
AVG,AVF,-,-,-,1,-,-,-,_extracted_txt/Ce_synapse_UNIX/Ce_synapse/White_Table/neurons/AVG_WT_correct.txt
AVG,VA11,-,-,-,1,-,-,-,_extracted_txt/Ce_synapse_UNIX/Ce_synapse/White_Table/neurons/AVG_WT_correct.txt
AVG,AVD,-,-,-,1,-,-,-,_extracted_txt/Ce_synapse_UNIX/Ce_synapse/White_Table/neurons/AVG_WT_correct.txt
AVG,DVB,-,-,-,1,-,-,-,_extracted_txt/Ce_synapse_UNIX/Ce_synapse/White_Table/neurons/AVG_WT_correct.txt
AVG,HDC,-,-,-,1,-,-,-,_extracted_txt/Ce_synapse_UNIX/Ce_synapse/White_Table/neurons/AVG_WT_correct.txt
AVG,DA8,-,-,-,-,1,PHA,-,_extracted_txt/Ce_synapse_UNIX/Ce_synapse/White_Table/neurons/AVG_WT_correct.txt
AVG,PVQ,-,-,-,-,1,PHA,-,_extracted_txt/Ce_synapse_UNIX/Ce_synapse/White_Table/neurons/AVG_WT_correct.txt
AVG,PVC,-,-,-,-,1,AVA,-,_extracted_txt/Ce_synapse_UNIX/Ce_synapse/White_Table/neurons/AVG_WT_correct.txt
AVG,AVJ,-,-,-,-,1,AVB,-,_extracted_txt/Ce_synapse_UNIX/Ce_synapse/White_Table/neurons/AVG_WT_correct.txt
AVG,AVL,-,-,-,-,1,PVP,-,_extracted_txt/Ce_synapse_UNIX/Ce_synapse/White_Table/neurons/AVG_WT_correct.txt
AVG,PVP,-,-,-,-,1,AVL,-,_extracted_txt/Ce_synapse_UNIX/Ce_synapse/White_Table/neurons/AVG_WT_correct.txt
AVG,HSN,-,-,-,-,1,AVA,-,_extracted_txt/Ce_synapse_UNIX/Ce_synapse/White_Table/neurons/AVG_WT_correct.txt
AVG,PQR,-,1,-,-,-,-,-,_extracted_txt/Ce_synapse_UNIX/Ce_synapse/White_Table/neurons/AVG_WT_correct.txt
AVG,RIF,2,-,-,-,-,-,-,_extracted_txt/Ce_synapse_UNIX/Ce_synapse/White_Table/neurons/AVG_WT_correct.txt
AVG,PVN,-,-,1,-,-,-,-,_extracted_txt/Ce_synapse_UNIX/Ce_synapse/White_Table/neurons/AVG_WT_correct.txt
AVG,PVN,-,-,-,1,-,-,-,_extracted_txt/Ce_synapse_UNIX/Ce_synapse/White_Table/neurons/AVG_WT_correct.txt
AVG,PVN,-,-,-,-,1,AVA,wt1,_extracted_txt/Ce_synapse_UNIX/Ce_synapse/White_Table/neurons/AVG_WT_correct.txt
AVD,AVA,-,2,-,-,-,-,-,_extracted_txt/Ce_synapse_UNIX/Ce_synapse/White_Table/neurons/AVD_WT.txt
AVD,AVA,-,-,-,7,-,-,-,_extracted_txt/Ce_synapse_UNIX/Ce_synapse/White_Table/neurons/AVD_WT.txt
AVD,AVA,-,-,-,-,33,AVA,-,_extracted_txt/Ce_synapse_UNIX/Ce_synapse/White_Table/neurons/AVD_WT.txt
AVD,AVA,-,-,-,-,4,SABV,-,_extracted_txt/Ce_synapse_UNIX/Ce_synapse/White_Table/neurons/AVD_WT.txt
AVD,AVA,-,-,-,-,3,DA1,-,_extracted_txt/Ce_synapse_UNIX/Ce_synapse/White_Table/neurons/AVD_WT.txt
AVD,AVA,-,-,-,-,3,LUA,-,_extracted_txt/Ce_synapse_UNIX/Ce_synapse/White_Table/neurons/AVD_WT.txt
AVD,AVA,-,-,-,-,2,DA4,-,_extracted_txt/Ce_synapse_UNIX/Ce_synapse/White_Table/neurons/AVD_WT.txt
AVD,AVA,-,-,-,-,2,AS11,-,_extracted_txt/Ce_synapse_UNIX/Ce_synapse/White_Table/neurons/AVD_WT.txt
AVD,AVA,-,-,-,-,2,SABD,-,_extracted_txt/Ce_synapse_UNIX/Ce_synapse/White_Table/neurons/AVD_WT.txt
AVD,AVA,-,-,-,-,2,AVD,-,_extracted_txt/Ce_synapse_UNIX/Ce_synapse/White_Table/neurons/AVD_WT.txt
AVD,AVA,-,-,-,-,1,VA6,-,_extracted_txt/Ce_synapse_UNIX/Ce_synapse/White_Table/neurons/AVD_WT.txt
AVD,AVA,-,-,-,-,1,DA5,-,_extracted_txt/Ce_synapse_UNIX/Ce_synapse/White_Table/neurons/AVD_WT.txt
AVD,AVA,-,-,-,-,1,PVC,-,_extracted_txt/Ce_synapse_UNIX/Ce_synapse/White_Table/neurons/AVD_WT.txt
AVD,AVA,-,-,-,-,1,AS4,-,_extracted_txt/Ce_synapse_UNIX/Ce_synapse/White_Table/neurons/AVD_WT.txt
AVD,AVA,-,-,-,-,1,AS10,-,_extracted_txt/Ce_synapse_UNIX/Ce_synapse/White_Table/neurons/AVD_WT.txt
AVD,AVA,-,-,-,-,1,VA5,-,_extracted_txt/Ce_synapse_UNIX/Ce_synapse/White_Table/neurons/AVD_WT.txt
AVD,AVA,-,-,-,-,1,VA11,-,_extracted_txt/Ce_synapse_UNIX/Ce_synapse/White_Table/neurons/AVD_WT.txt
AVD,AVA,-,-,-,-,1,DA8,-,_extracted_txt/Ce_synapse_UNIX/Ce_synapse/White_Table/neurons/AVD_WT.txt
AVD,AVA,-,-,-,-,1,PQR,-,_extracted_txt/Ce_synapse_UNIX/Ce_synapse/White_Table/neurons/AVD_WT.txt
AVD,AVA,-,-,-,-,1,VA3,-,_extracted_txt/Ce_synapse_UNIX/Ce_synapse/White_Table/neurons/AVD_WT.txt
AVD,AVA,-,-,-,-,1,DB4,-,_extracted_txt/Ce_synapse_UNIX/Ce_synapse/White_Table/neurons/AVD_WT.txt
AVD,AVA,-,-,-,-,1,DA3,-,_extracted_txt/Ce_synapse_UNIX/Ce_synapse/White_Table/neurons/AVD_WT.txt
AVD,DA3,-,-,-,5,-,-,-,_extracted_txt/Ce_synapse_UNIX/Ce_synapse/White_Table/neurons/AVD_WT.txt
AVD,DA3,-,-,-,-,1,AVA,-,_extracted_txt/Ce_synapse_UNIX/Ce_synapse/White_Table/neurons/AVD_WT.txt
AVD,SABV,-,-,-,-,4,AVA,-,_extracted_txt/Ce_synapse_UNIX/Ce_synapse/White_Table/neurons/AVD_WT.txt
AVD,SABV,-,-,-,-,2,SABV,-,_extracted_txt/Ce_synapse_UNIX/Ce_synapse/White_Table/neurons/AVD_WT.txt
AVD,DA4,-,-,-,2,-,-,-,_extracted_txt/Ce_synapse_UNIX/Ce_synapse/White_Table/neurons/AVD_WT.txt
AVD,DA4,-,-,-,-,2,AVA,-,_extracted_txt/Ce_synapse_UNIX/Ce_synapse/White_Table/neurons/AVD_WT.txt
AVD,LUA,-,-,7,-,-,-,-,_extracted_txt/Ce_synapse_UNIX/Ce_synapse/White_Table/neurons/AVD_WT.txt
AVD,LUA,-,-,-,-,3,AVA,-,_extracted_txt/Ce_synapse_UNIX/Ce_synapse/White_Table/neurons/AVD_WT.txt
AVD,SABD,-,-,-,1,-,-,-,_extracted_txt/Ce_synapse_UNIX/Ce_synapse/White_Table/neurons/AVD_WT.txt
AVD,SABD,-,-,-,-,2,AVA,-,_extracted_txt/Ce_synapse_UNIX/Ce_synapse/White_Table/neurons/AVD_WT.txt
AVD,DA1,-,-,-,-,3,AVA,-,_extracted_txt/Ce_synapse_UNIX/Ce_synapse/White_Table/neurons/AVD_WT.txt
AVD,DA5,-,-,-,2,-,-,-,_extracted_txt/Ce_synapse_UNIX/Ce_synapse/White_Table/neurons/AVD_WT.txt
AVD,DA5,-,-,-,-,1,AVA,-,_extracted_txt/Ce_synapse_UNIX/Ce_synapse/White_Table/neurons/AVD_WT.txt
AVD,VA3,-,-,-,2,-,-,-,_extracted_txt/Ce_synapse_UNIX/Ce_synapse/White_Table/neurons/AVD_WT.txt
AVD,VA3,-,-,-,-,1,AVA,-,_extracted_txt/Ce_synapse_UNIX/Ce_synapse/White_Table/neurons/AVD_WT.txt
AVD,AS11,-,-,-,-,2,AVA,-,_extracted_txt/Ce_synapse_UNIX/Ce_synapse/White_Table/neurons/AVD_WT.txt
AVD,AVD,-,-,-,-,2,AVA,-,_extracted_txt/Ce_synapse_UNIX/Ce_synapse/White_Table/neurons/AVD_WT.txt
AVD,DA2,-,-,-,2,-,-,-,_extracted_txt/Ce_synapse_UNIX/Ce_synapse/White_Table/neurons/AVD_WT.txt
AVD,VA6,-,-,-,1,-,-,-,_extracted_txt/Ce_synapse_UNIX/Ce_synapse/White_Table/neurons/AVD_WT.txt
AVD,VA6,-,-,-,-,1,AVA,-,_extracted_txt/Ce_synapse_UNIX/Ce_synapse/White_Table/neurons/AVD_WT.txt
AVD,AS10,-,-,-,1,-,-,-,_extracted_txt/Ce_synapse_UNIX/Ce_synapse/White_Table/neurons/AVD_WT.txt
AVD,AS10,-,-,-,-,1,AVA,-,_extracted_txt/Ce_synapse_UNIX/Ce_synapse/White_Table/neurons/AVD_WT.txt
AVD,PQR,-,-,12,-,-,-,-,_extracted_txt/Ce_synapse_UNIX/Ce_synapse/White_Table/neurons/AVD_WT.txt
AVD,PQR,-,-,-,-,1,AVA,-,_extracted_txt/Ce_synapse_UNIX/Ce_synapse/White_Table/neurons/AVD_WT.txt
AVD,PVN,-,-,6,-,-,-,-,_extracted_txt/Ce_synapse_UNIX/Ce_synapse/White_Table/neurons/AVD_WT.txt
AVD,DA8,-,-,-,-,1,AVA,-,_extracted_txt/Ce_synapse_UNIX/Ce_synapse/White_Table/neurons/AVD_WT.txt
AVD,PVC,-,-,3,-,-,-,-,_extracted_txt/Ce_synapse_UNIX/Ce_synapse/White_Table/neurons/AVD_WT.txt
AVD,PVC,-,-,-,-,1,AVA,-,_extracted_txt/Ce_synapse_UNIX/Ce_synapse/White_Table/neurons/AVD_WT.txt
AVD,AS1,-,-,-,1,-,-,-,_extracted_txt/Ce_synapse_UNIX/Ce_synapse/White_Table/neurons/AVD_WT.txt
AVD,AS4,-,-,-,-,1,AVA,-,_extracted_txt/Ce_synapse_UNIX/Ce_synapse/White_Table/neurons/AVD_WT.txt
AVD,AVB,-,-,3,-,-,-,-,_extracted_txt/Ce_synapse_UNIX/Ce_synapse/White_Table/neurons/AVD_WT.txt
AVD,AVB,-,-,-,1,-,-,-,_extracted_txt/Ce_synapse_UNIX/Ce_synapse/White_Table/neurons/AVD_WT.txt
AVD,DA9,-,-,-,1,-,-,-,_extracted_txt/Ce_synapse_UNIX/Ce_synapse/White_Table/neurons/AVD_WT.txt
AVD,VA2,-,-,-,1,-,-,-,_extracted_txt/Ce_synapse_UNIX/Ce_synapse/White_Table/neurons/AVD_WT.txt
AVD,DVC,-,-,-,1,-,-,-,_extracted_txt/Ce_synapse_UNIX/Ce_synapse/White_Table/neurons/AVD_WT.txt
AVD,AS5,-,-,-,1,-,-,-,_extracted_txt/Ce_synapse_UNIX/Ce_synapse/White_Table/neurons/AVD_WT.txt
AVD,DB4,-,-,-,-,1,AVA,-,_extracted_txt/Ce_synapse_UNIX/Ce_synapse/White_Table/neurons/AVD_WT.txt
AVD,VA11,-,-,-,-,1,AVA,-,_extracted_txt/Ce_synapse_UNIX/Ce_synapse/White_Table/neurons/AVD_WT.txt
AVD,VA5,-,-,-,-,1,AVA,-,_extracted_txt/Ce_synapse_UNIX/Ce_synapse/White_Table/neurons/AVD_WT.txt
AVD,FLP,1,-,-,-,-,-,-,_extracted_txt/Ce_synapse_UNIX/Ce_synapse/White_Table/neurons/AVD_WT.txt
AVD,FLP,-,2,-,-,-,-,-,_extracted_txt/Ce_synapse_UNIX/Ce_synapse/White_Table/neurons/AVD_WT.txt
AVD,FLP,-,-,18,-,-,-,-,_extracted_txt/Ce_synapse_UNIX/Ce_synapse/White_Table/neurons/AVD_WT.txt
AVD,PLM,-,1,-,-,-,-,-,_extracted_txt/Ce_synapse_UNIX/Ce_synapse/White_Table/neurons/AVD_WT.txt
AVD,PLM,-,-,4,-,-,-,-,_extracted_txt/Ce_synapse_UNIX/Ce_synapse/White_Table/neurons/AVD_WT.txt
AVD,AVJ,4,-,-,-,-,-,-,_extracted_txt/Ce_synapse_UNIX/Ce_synapse/White_Table/neurons/AVD_WT.txt
AVD,AVJ,-,-,4,-,-,-,-,_extracted_txt/Ce_synapse_UNIX/Ce_synapse/White_Table/neurons/AVD_WT.txt
AVD,PHB,-,-,3,-,-,-,-,_extracted_txt/Ce_synapse_UNIX/Ce_synapse/White_Table/neurons/AVD_WT.txt
AVD,HSN,-,-,3,-,-,-,-,_extracted_txt/Ce_synapse_UNIX/Ce_synapse/White_Table/neurons/AVD_WT.txt
AVD,AVG,-,1,-,-,-,-,-,_extracted_txt/Ce_synapse_UNIX/Ce_synapse/White_Table/neurons/AVD_WT.txt
AVD,VA4,-,1,-,-,-,-,-,_extracted_txt/Ce_synapse_UNIX/Ce_synapse/White_Table/neurons/AVD_WT.txt
AVD,PHA,-,-,1,-,-,-,-,_extracted_txt/Ce_synapse_UNIX/Ce_synapse/White_Table/neurons/AVD_WT.txt
AVD,PVW,-,-,1,-,-,-,-,_extracted_txt/Ce_synapse_UNIX/Ce_synapse/White_Table/neurons/AVD_WT.txt
AVD,AVE,-,-,1,-,-,-,-,_extracted_txt/Ce_synapse_UNIX/Ce_synapse/White_Table/neurons/AVD_WT.txt
AVD,AVM,1,-,-,-,-,-,-,_extracted_txt/Ce_synapse_UNIX/Ce_synapse/White_Table/neurons/AVD_WT.txt
PVW,PVT,-,-,-,1,-,-,-,_extracted_txt/Ce_synapse_UNIX/Ce_synapse/White_Table/neurons/PVW_WT.txt
PVW,PVT,-,-,-,-,1,PVW,-,_extracted_txt/Ce_synapse_UNIX/Ce_synapse/White_Table/neurons/PVW_WT.txt
PVW,PVT,-,-,-,-,1,AVJ,-,_extracted_txt/Ce_synapse_UNIX/Ce_synapse/White_Table/neurons/PVW_WT.txt
PVW,PVC,3,-,-,-,-,-,-,_extracted_txt/Ce_synapse_UNIX/Ce_synapse/White_Table/neurons/PVW_WT.txt
PVW,PVC,-,-,1,-,-,-,-,_extracted_txt/Ce_synapse_UNIX/Ce_synapse/White_Table/neurons/PVW_WT.txt
PVW,PVC,-,-,-,-,1,AVD,-,_extracted_txt/Ce_synapse_UNIX/Ce_synapse/White_Table/neurons/PVW_WT.txt
PVW,PVW,-,-,1,-,-,-,-,_extracted_txt/Ce_synapse_UNIX/Ce_synapse/White_Table/neurons/PVW_WT.txt
PVW,PVW,-,-,-,-,1,PVT,-,_extracted_txt/Ce_synapse_UNIX/Ce_synapse/White_Table/neurons/PVW_WT.txt
PVW,AVJ,-,-,-,-,1,PVT,-,_extracted_txt/Ce_synapse_UNIX/Ce_synapse/White_Table/neurons/PVW_WT.txt
PVW,AVD,-,-,-,-,1,PVC,-,_extracted_txt/Ce_synapse_UNIX/Ce_synapse/White_Table/neurons/PVW_WT.txt
PVW,AVA,-,-,-,-,1,VA12,-,_extracted_txt/Ce_synapse_UNIX/Ce_synapse/White_Table/neurons/PVW_WT.txt
PVW,VA12,-,-,-,-,1,AVA,-,_extracted_txt/Ce_synapse_UNIX/Ce_synapse/White_Table/neurons/PVW_WT.txt
PVW,PVN,-,-,3,-,-,-,-,_extracted_txt/Ce_synapse_UNIX/Ce_synapse/White_Table/neurons/PVW_WT.txt
PVW,LUA,-,-,2,-,-,-,-,_extracted_txt/Ce_synapse_UNIX/Ce_synapse/White_Table/neurons/PVW_WT.txt
PVW,AVL,-,-,1,-,-,-,-,_extracted_txt/Ce_synapse_UNIX/Ce_synapse/White_Table/neurons/PVW_WT.txt
PDE,DVA,-,1,-,-,-,-,-,_extracted_txt/Ce_synapse_UNIX/Ce_synapse/White_Table/neurons/PDE_WT.txt
PDE,DVA,-,-,2,-,-,-,-,_extracted_txt/Ce_synapse_UNIX/Ce_synapse/White_Table/neurons/PDE_WT.txt
PDE,DVA,-,-,-,37,-,-,-,_extracted_txt/Ce_synapse_UNIX/Ce_synapse/White_Table/neurons/PDE_WT.txt
PDE,DVA,-,-,-,-,20,AVK,-,_extracted_txt/Ce_synapse_UNIX/Ce_synapse/White_Table/neurons/PDE_WT.txt
PDE,DVA,-,-,-,-,2,PVR,-,_extracted_txt/Ce_synapse_UNIX/Ce_synapse/White_Table/neurons/PDE_WT.txt
PDE,DVA,-,-,-,-,1,PDE,-,_extracted_txt/Ce_synapse_UNIX/Ce_synapse/White_Table/neurons/PDE_WT.txt
PDE,DVA,-,-,-,-,1,PVM,-,_extracted_txt/Ce_synapse_UNIX/Ce_synapse/White_Table/neurons/PDE_WT.txt
PDE,AVK,-,2,-,-,-,-,-,_extracted_txt/Ce_synapse_UNIX/Ce_synapse/White_Table/neurons/PDE_WT.txt
PDE,AVK,-,-,2,-,-,-,-,_extracted_txt/Ce_synapse_UNIX/Ce_synapse/White_Table/neurons/PDE_WT.txt
PDE,AVK,-,-,-,1,-,-,-,_extracted_txt/Ce_synapse_UNIX/Ce_synapse/White_Table/neurons/PDE_WT.txt
PDE,AVK,-,-,-,-,20,DVA,-,_extracted_txt/Ce_synapse_UNIX/Ce_synapse/White_Table/neurons/PDE_WT.txt
PDE,AVK,-,-,-,-,1,HDC,-,_extracted_txt/Ce_synapse_UNIX/Ce_synapse/White_Table/neurons/PDE_WT.txt
PDE,HDC,-,-,-,2,-,-,-,_extracted_txt/Ce_synapse_UNIX/Ce_synapse/White_Table/neurons/PDE_WT.txt
PDE,HDC,-,-,-,-,1,AVK,-,_extracted_txt/Ce_synapse_UNIX/Ce_synapse/White_Table/neurons/PDE_WT.txt
PDE,HDC,-,-,-,-,1,VA9,-,_extracted_txt/Ce_synapse_UNIX/Ce_synapse/White_Table/neurons/PDE_WT.txt
PDE,PVC,1,-,-,-,-,-,-,_extracted_txt/Ce_synapse_UNIX/Ce_synapse/White_Table/neurons/PDE_WT.txt
PDE,PVC,-,-,1,-,-,-,-,_extracted_txt/Ce_synapse_UNIX/Ce_synapse/White_Table/neurons/PDE_WT.txt
PDE,PVC,-,-,-,2,-,-,-,_extracted_txt/Ce_synapse_UNIX/Ce_synapse/White_Table/neurons/PDE_WT.txt
PDE,PVR,-,-,1,-,-,-,-,_extracted_txt/Ce_synapse_UNIX/Ce_synapse/White_Table/neurons/PDE_WT.txt
PDE,PVR,-,-,-,-,2,DVA,-,_extracted_txt/Ce_synapse_UNIX/Ce_synapse/White_Table/neurons/PDE_WT.txt
PDE,PVM,1,-,-,-,-,-,-,_extracted_txt/Ce_synapse_UNIX/Ce_synapse/White_Table/neurons/PDE_WT.txt
PDE,PVM,-,3,-,-,-,-,-,_extracted_txt/Ce_synapse_UNIX/Ce_synapse/White_Table/neurons/PDE_WT.txt
PDE,PVM,-,-,12,-,-,-,-,_extracted_txt/Ce_synapse_UNIX/Ce_synapse/White_Table/neurons/PDE_WT.txt
PDE,PVM,-,-,-,-,1,DVA,-,_extracted_txt/Ce_synapse_UNIX/Ce_synapse/White_Table/neurons/PDE_WT.txt
PDE,PDE,3,-,-,-,-,-,-,_extracted_txt/Ce_synapse_UNIX/Ce_synapse/White_Table/neurons/PDE_WT.txt
PDE,PDE,-,-,1,-,-,-,-,_extracted_txt/Ce_synapse_UNIX/Ce_synapse/White_Table/neurons/PDE_WT.txt
PDE,PDE,-,-,-,-,1,DVA,-,_extracted_txt/Ce_synapse_UNIX/Ce_synapse/White_Table/neurons/PDE_WT.txt
PDE,VA9,-,-,-,-,1,HDC,-,_extracted_txt/Ce_synapse_UNIX/Ce_synapse/White_Table/neurons/PDE_WT.txt
PDE,VD9,1,-,-,-,-,-,-,_extracted_txt/Ce_synapse_UNIX/Ce_synapse/White_Table/neurons/PDE_WT.txt
PDE,PLM,-,-,5,-,-,-,-,_extracted_txt/Ce_synapse_UNIX/Ce_synapse/White_Table/neurons/PDE_WT.txt
PDE,AVA,-,-,2,-,-,-,-,_extracted_txt/Ce_synapse_UNIX/Ce_synapse/White_Table/neurons/PDE_WT.txt
PDE,AVF,-,-,1,-,-,-,-,_extracted_txt/Ce_synapse_UNIX/Ce_synapse/White_Table/neurons/PDE_WT.txt
AVK,HDC,-,-,-,5,-,-,-,_extracted_txt/Ce_synapse_UNIX/Ce_synapse/White_Table/neurons/AVK_WT.txt
AVK,HDC,-,-,-,-,1,AVM,-,_extracted_txt/Ce_synapse_UNIX/Ce_synapse/White_Table/neurons/AVK_WT.txt
AVK,PDE,-,1,-,-,-,-,-,_extracted_txt/Ce_synapse_UNIX/Ce_synapse/White_Table/neurons/AVK_WT.txt
AVK,PDE,-,-,10,-,-,-,-,_extracted_txt/Ce_synapse_UNIX/Ce_synapse/White_Table/neurons/AVK_WT.txt
AVK,PDE,-,-,-,2,-,-,-,_extracted_txt/Ce_synapse_UNIX/Ce_synapse/White_Table/neurons/AVK_WT.txt
AVK,PDE,-,-,-,-,2,PDE,-,_extracted_txt/Ce_synapse_UNIX/Ce_synapse/White_Table/neurons/AVK_WT.txt
AVK,PVM,-,7,-,-,-,-,-,_extracted_txt/Ce_synapse_UNIX/Ce_synapse/White_Table/neurons/AVK_WT.txt
AVK,PVM,-,-,4,-,-,-,-,_extracted_txt/Ce_synapse_UNIX/Ce_synapse/White_Table/neurons/AVK_WT.txt
AVK,PVM,-,-,-,1,-,-,-,_extracted_txt/Ce_synapse_UNIX/Ce_synapse/White_Table/neurons/AVK_WT.txt
AVK,DVA,-,-,-,1,-,-,-,_extracted_txt/Ce_synapse_UNIX/Ce_synapse/White_Table/neurons/AVK_WT.txt
AVK,PVQ,-,1,-,-,-,-,-,_extracted_txt/Ce_synapse_UNIX/Ce_synapse/White_Table/neurons/AVK_WT.txt
AVK,PVQ,-,-,-,1,-,-,-,_extracted_txt/Ce_synapse_UNIX/Ce_synapse/White_Table/neurons/AVK_WT.txt
AVK,AVM,-,-,-,-,1,HDC,-,_extracted_txt/Ce_synapse_UNIX/Ce_synapse/White_Table/neurons/AVK_WT.txt
AVK,PVP,5,-,-,-,-,-,-,_extracted_txt/Ce_synapse_UNIX/Ce_synapse/White_Table/neurons/AVK_WT.txt
AVF,AVH,8,-,-,-,-,-,-,_extracted_txt/Ce_synapse_UNIX/Ce_synapse/White_Table/neurons/AVF_WT.txt
AVF,AVH,-,-,6,-,-,-,-,_extracted_txt/Ce_synapse_UNIX/Ce_synapse/White_Table/neurons/AVF_WT.txt
AVF,AVH,-,-,-,1,-,-,-,_extracted_txt/Ce_synapse_UNIX/Ce_synapse/White_Table/neurons/AVF_WT.txt
AVF,AVH,-,-,-,-,1,AVL,-,_extracted_txt/Ce_synapse_UNIX/Ce_synapse/White_Table/neurons/AVF_WT.txt
AVF,AVH,-,-,-,-,1,AVF,-,_extracted_txt/Ce_synapse_UNIX/Ce_synapse/White_Table/neurons/AVF_WT.txt
AVF,AVH,-,-,-,-,1,AVB,-,_extracted_txt/Ce_synapse_UNIX/Ce_synapse/White_Table/neurons/AVF_WT.txt
AVF,AVH,-,-,-,-,1,AVJ,-,_extracted_txt/Ce_synapse_UNIX/Ce_synapse/White_Table/neurons/AVF_WT.txt
AVF,AVB,-,-,-,1,-,-,-,_extracted_txt/Ce_synapse_UNIX/Ce_synapse/White_Table/neurons/AVF_WT.txt
AVF,AVB,-,-,-,-,1,AVG,-,_extracted_txt/Ce_synapse_UNIX/Ce_synapse/White_Table/neurons/AVF_WT.txt
AVF,AVB,-,-,-,-,1,AVJ,-,_extracted_txt/Ce_synapse_UNIX/Ce_synapse/White_Table/neurons/AVF_WT.txt
AVF,AVB,-,-,-,-,1,AVH,-,_extracted_txt/Ce_synapse_UNIX/Ce_synapse/White_Table/neurons/AVF_WT.txt
AVF,AVF,21,-,-,-,-,-,-,_extracted_txt/Ce_synapse_UNIX/Ce_synapse/White_Table/neurons/AVF_WT.txt
AVF,AVF,-,1,-,-,-,-,-,_extracted_txt/Ce_synapse_UNIX/Ce_synapse/White_Table/neurons/AVF_WT.txt
AVF,AVF,-,-,2,-,-,-,-,_extracted_txt/Ce_synapse_UNIX/Ce_synapse/White_Table/neurons/AVF_WT.txt
AVF,AVF,-,-,-,1,-,-,-,_extracted_txt/Ce_synapse_UNIX/Ce_synapse/White_Table/neurons/AVF_WT.txt
AVF,AVF,-,-,-,-,1,PVT,wt1,_extracted_txt/Ce_synapse_UNIX/Ce_synapse/White_Table/neurons/AVF_WT.txt
AVF,AVF,-,-,-,-,1,AVH,-,_extracted_txt/Ce_synapse_UNIX/Ce_synapse/White_Table/neurons/AVF_WT.txt
AVF,AVJ,1,-,-,-,-,-,-,_extracted_txt/Ce_synapse_UNIX/Ce_synapse/White_Table/neurons/AVF_WT.txt
AVF,AVJ,-,-,1,-,-,-,-,_extracted_txt/Ce_synapse_UNIX/Ce_synapse/White_Table/neurons/AVF_WT.txt
AVF,AVJ,-,-,-,1,-,-,-,_extracted_txt/Ce_synapse_UNIX/Ce_synapse/White_Table/neurons/AVF_WT.txt
AVF,AVJ,-,-,-,-,1,AVB,-,_extracted_txt/Ce_synapse_UNIX/Ce_synapse/White_Table/neurons/AVF_WT.txt
AVF,AVJ,-,-,-,-,1,AVH,-,_extracted_txt/Ce_synapse_UNIX/Ce_synapse/White_Table/neurons/AVF_WT.txt
AVF,NMJ,-,-,-,2,-,-,-,_extracted_txt/Ce_synapse_UNIX/Ce_synapse/White_Table/neurons/AVF_WT.txt
AVF,AVG,-,1,-,-,-,-,-,_extracted_txt/Ce_synapse_UNIX/Ce_synapse/White_Table/neurons/AVF_WT.txt
AVF,AVG,-,-,-,1,-,-,-,_extracted_txt/Ce_synapse_UNIX/Ce_synapse/White_Table/neurons/AVF_WT.txt
AVF,AVG,-,-,-,-,1,AVB,-,_extracted_txt/Ce_synapse_UNIX/Ce_synapse/White_Table/neurons/AVF_WT.txt
AVF,PVQ,1,-,-,-,-,-,-,_extracted_txt/Ce_synapse_UNIX/Ce_synapse/White_Table/neurons/AVF_WT.txt
AVF,PVQ,-,-,-,-,1,PDE,-,_extracted_txt/Ce_synapse_UNIX/Ce_synapse/White_Table/neurons/AVF_WT.txt
AVF,PDE,-,-,-,-,1,PVQ,-,_extracted_txt/Ce_synapse_UNIX/Ce_synapse/White_Table/neurons/AVF_WT.txt
AVF,AVL,-,-,1,-,-,-,-,_extracted_txt/Ce_synapse_UNIX/Ce_synapse/White_Table/neurons/AVF_WT.txt
AVF,AVL,-,-,-,-,1,AVH,-,_extracted_txt/Ce_synapse_UNIX/Ce_synapse/White_Table/neurons/AVF_WT.txt
AVF,VD11,-,-,-,1,-,-,-,_extracted_txt/Ce_synapse_UNIX/Ce_synapse/White_Table/neurons/AVF_WT.txt
AVF,PHA,-,-,3,-,-,-,-,_extracted_txt/Ce_synapse_UNIX/Ce_synapse/White_Table/neurons/AVF_WT.txt
AVF,VC5,-,1,-,-,-,-,-,_extracted_txt/Ce_synapse_UNIX/Ce_synapse/White_Table/neurons/AVF_WT.txt
AVF,VC5,-,-,1,-,-,-,-,_extracted_txt/Ce_synapse_UNIX/Ce_synapse/White_Table/neurons/AVF_WT.txt
AVF,PHB,-,-,1,-,-,-,-,_extracted_txt/Ce_synapse_UNIX/Ce_synapse/White_Table/neurons/AVF_WT.txt
AVF,VC4,2,-,-,-,-,-,-,_extracted_txt/Ce_synapse_UNIX/Ce_synapse/White_Table/neurons/AVF_WT.txt
AVM,ADE,-,-,-,1,-,-,-,_extracted_txt/Ce_synapse_UNIX/Ce_synapse/White_Table/neurons/AVM_WT.txt
AVM,ADE,-,-,-,-,1,DA1,-,_extracted_txt/Ce_synapse_UNIX/Ce_synapse/White_Table/neurons/AVM_WT.txt
AVM,DA1,-,-,-,-,1,ADE,-,_extracted_txt/Ce_synapse_UNIX/Ce_synapse/White_Table/neurons/AVM_WT.txt
AVM,AVD,1,-,-,-,-,-,-,_extracted_txt/Ce_synapse_UNIX/Ce_synapse/White_Table/neurons/AVM_WT.txt
AVM,PVM,-,-,1,-,-,-,-,_extracted_txt/Ce_synapse_UNIX/Ce_synapse/White_Table/neurons/AVM_WT.txt
AVM,AVK,-,-,1,-,-,-,-,_extracted_txt/Ce_synapse_UNIX/Ce_synapse/White_Table/neurons/AVM_WT.txt
BDU,HSN,-,-,-,1,-,-,-,_extracted_txt/Ce_synapse_UNIX/Ce_synapse/White_Table/neurons/BDU_WT.txt
BDU,HSN,-,-,-,-,1,AVA,-,_extracted_txt/Ce_synapse_UNIX/Ce_synapse/White_Table/neurons/BDU_WT.txt
BDU,HSN,-,-,-,-,1,SAAD,-,_extracted_txt/Ce_synapse_UNIX/Ce_synapse/White_Table/neurons/BDU_WT.txt
BDU,AVA,-,-,-,-,1,PVC,-,_extracted_txt/Ce_synapse_UNIX/Ce_synapse/White_Table/neurons/BDU_WT.txt
BDU,AVA,-,-,-,-,1,HSN,-,_extracted_txt/Ce_synapse_UNIX/Ce_synapse/White_Table/neurons/BDU_WT.txt
BDU,PVC,-,-,-,1,-,-,-,_extracted_txt/Ce_synapse_UNIX/Ce_synapse/White_Table/neurons/BDU_WT.txt
BDU,PVC,-,-,-,-,1,AVA,-,_extracted_txt/Ce_synapse_UNIX/Ce_synapse/White_Table/neurons/BDU_WT.txt
BDU,ADE,-,-,-,1,-,-,-,_extracted_txt/Ce_synapse_UNIX/Ce_synapse/White_Table/neurons/BDU_WT.txt
BDU,SAAD,-,-,-,-,1,HSN,-,_extracted_txt/Ce_synapse_UNIX/Ce_synapse/White_Table/neurons/BDU_WT.txt
DVB,NMJ,-,-,-,4,-,-,-,_extracted_txt/Ce_synapse_UNIX/Ce_synapse/White_Table/neurons/DVB_WT.txt
DVB,NMJ,-,-,-,-,1,DA8,-,_extracted_txt/Ce_synapse_UNIX/Ce_synapse/White_Table/neurons/DVB_WT.txt
DVB,HDC,-,-,-,2,-,-,-,_extracted_txt/Ce_synapse_UNIX/Ce_synapse/White_Table/neurons/DVB_WT.txt
DVB,HDC,-,-,-,-,3,DVC,-,_extracted_txt/Ce_synapse_UNIX/Ce_synapse/White_Table/neurons/DVB_WT.txt
DVB,AVL,1,-,-,-,-,-,-,_extracted_txt/Ce_synapse_UNIX/Ce_synapse/White_Table/neurons/DVB_WT.txt
DVB,AVL,-,-,-,-,2,DD6,-,_extracted_txt/Ce_synapse_UNIX/Ce_synapse/White_Table/neurons/DVB_WT.txt
DVB,AVL,-,-,-,-,1,PVP,-,_extracted_txt/Ce_synapse_UNIX/Ce_synapse/White_Table/neurons/DVB_WT.txt
DVB,DVC,-,-,-,-,3,HDC,-,_extracted_txt/Ce_synapse_UNIX/Ce_synapse/White_Table/neurons/DVB_WT.txt
DVB,DD6,-,-,-,-,2,AVL,-,_extracted_txt/Ce_synapse_UNIX/Ce_synapse/White_Table/neurons/DVB_WT.txt
DVB,DD6,-,-,-,-,1,DA8,-,_extracted_txt/Ce_synapse_UNIX/Ce_synapse/White_Table/neurons/DVB_WT.txt
DVB,DA8,-,-,-,-,1,DD6,-,_extracted_txt/Ce_synapse_UNIX/Ce_synapse/White_Table/neurons/DVB_WT.txt
DVB,DA8,-,-,-,-,1,NMJ,-,_extracted_txt/Ce_synapse_UNIX/Ce_synapse/White_Table/neurons/DVB_WT.txt
DVB,PVP,-,-,-,1,-,-,-,_extracted_txt/Ce_synapse_UNIX/Ce_synapse/White_Table/neurons/DVB_WT.txt
DVB,PVP,-,-,-,-,1,AVL,-,_extracted_txt/Ce_synapse_UNIX/Ce_synapse/White_Table/neurons/DVB_WT.txt
DVB,PDA,-,-,-,-,1,PHC,-,_extracted_txt/Ce_synapse_UNIX/Ce_synapse/White_Table/neurons/DVB_WT.txt
DVB,PHC,-,-,-,-,1,PDA,-,_extracted_txt/Ce_synapse_UNIX/Ce_synapse/White_Table/neurons/DVB_WT.txt
DVB,VC2,-,-,2,-,-,-,-,_extracted_txt/Ce_synapse_UNIX/Ce_synapse/White_Table/neurons/DVB_WT.txt
DVB,AVG,-,1,-,-,-,-,-,_extracted_txt/Ce_synapse_UNIX/Ce_synapse/White_Table/neurons/DVB_WT.txt
DVB,VA9,-,-,1,-,-,-,-,_extracted_txt/Ce_synapse_UNIX/Ce_synapse/White_Table/neurons/DVB_WT.txt
DVB,AVE,-,-,1,-,-,-,-,_extracted_txt/Ce_synapse_UNIX/Ce_synapse/White_Table/neurons/DVB_WT.txt
DVB,VC5,-,-,1,-,-,-,-,_extracted_txt/Ce_synapse_UNIX/Ce_synapse/White_Table/neurons/DVB_WT.txt
DVB,PVQ,-,-,1,-,-,-,-,_extracted_txt/Ce_synapse_UNIX/Ce_synapse/White_Table/neurons/DVB_WT.txt
DVA,PVC,1,-,-,-,-,-,-,_extracted_txt/Ce_synapse_UNIX/Ce_synapse/White_Table/neurons/DVA_WT.txt
DVA,PVC,-,-,3,-,-,-,-,_extracted_txt/Ce_synapse_UNIX/Ce_synapse/White_Table/neurons/DVA_WT.txt
DVA,PVC,-,-,-,-,2,DB7,-,_extracted_txt/Ce_synapse_UNIX/Ce_synapse/White_Table/neurons/DVA_WT.txt
DVA,PVC,-,-,-,-,1,DB5,-,_extracted_txt/Ce_synapse_UNIX/Ce_synapse/White_Table/neurons/DVA_WT.txt
DVA,PVC,-,-,-,-,1,DB3,-,_extracted_txt/Ce_synapse_UNIX/Ce_synapse/White_Table/neurons/DVA_WT.txt
DVA,PDE,-,22,-,-,-,-,-,_extracted_txt/Ce_synapse_UNIX/Ce_synapse/White_Table/neurons/DVA_WT.txt
DVA,PDE,-,-,14,-,-,-,-,_extracted_txt/Ce_synapse_UNIX/Ce_synapse/White_Table/neurons/DVA_WT.txt
DVA,PDE,-,-,-,1,-,-,-,_extracted_txt/Ce_synapse_UNIX/Ce_synapse/White_Table/neurons/DVA_WT.txt
DVA,PDE,-,-,-,-,1,VB11,-,_extracted_txt/Ce_synapse_UNIX/Ce_synapse/White_Table/neurons/DVA_WT.txt
DVA,PVR,2,-,-,-,-,-,-,_extracted_txt/Ce_synapse_UNIX/Ce_synapse/White_Table/neurons/DVA_WT.txt
DVA,PVR,-,-,-,1,-,-,-,_extracted_txt/Ce_synapse_UNIX/Ce_synapse/White_Table/neurons/DVA_WT.txt
DVA,PVR,-,-,-,-,1,DB2,-,_extracted_txt/Ce_synapse_UNIX/Ce_synapse/White_Table/neurons/DVA_WT.txt
DVA,DB3,-,-,-,1,-,-,-,_extracted_txt/Ce_synapse_UNIX/Ce_synapse/White_Table/neurons/DVA_WT.txt
DVA,DB3,-,-,-,-,1,PVC,-,_extracted_txt/Ce_synapse_UNIX/Ce_synapse/White_Table/neurons/DVA_WT.txt
DVA,DB7,-,-,-,-,2,PVC,-,_extracted_txt/Ce_synapse_UNIX/Ce_synapse/White_Table/neurons/DVA_WT.txt
DVA,VB11,-,-,-,-,1,PDE,-,_extracted_txt/Ce_synapse_UNIX/Ce_synapse/White_Table/neurons/DVA_WT.txt
DVA,VB11,-,-,-,-,1,VA12,-,_extracted_txt/Ce_synapse_UNIX/Ce_synapse/White_Table/neurons/DVA_WT.txt
DVA,DB4,-,-,-,1,-,-,-,_extracted_txt/Ce_synapse_UNIX/Ce_synapse/White_Table/neurons/DVA_WT.txt
DVA,VA12,-,-,-,-,1,VB11,-,_extracted_txt/Ce_synapse_UNIX/Ce_synapse/White_Table/neurons/DVA_WT.txt
DVA,DB2,-,-,-,-,1,PVR,-,_extracted_txt/Ce_synapse_UNIX/Ce_synapse/White_Table/neurons/DVA_WT.txt
DVA,DB5,-,-,-,-,1,PVC,-,_extracted_txt/Ce_synapse_UNIX/Ce_synapse/White_Table/neurons/DVA_WT.txt
DVA,PHC,-,4,-,-,-,-,-,_extracted_txt/Ce_synapse_UNIX/Ce_synapse/White_Table/neurons/DVA_WT.txt
DVA,PHC,-,-,7,-,-,-,-,_extracted_txt/Ce_synapse_UNIX/Ce_synapse/White_Table/neurons/DVA_WT.txt
DVA,PLM,-,-,5,-,-,-,-,_extracted_txt/Ce_synapse_UNIX/Ce_synapse/White_Table/neurons/DVA_WT.txt
DVA,PHA,-,1,-,-,-,-,-,_extracted_txt/Ce_synapse_UNIX/Ce_synapse/White_Table/neurons/DVA_WT.txt
DVA,PHA,-,-,3,-,-,-,-,_extracted_txt/Ce_synapse_UNIX/Ce_synapse/White_Table/neurons/DVA_WT.txt
DVA,PVM,-,2,-,-,-,-,-,_extracted_txt/Ce_synapse_UNIX/Ce_synapse/White_Table/neurons/DVA_WT.txt
DVA,PVM,-,-,1,-,-,-,-,_extracted_txt/Ce_synapse_UNIX/Ce_synapse/White_Table/neurons/DVA_WT.txt
DVA,AVK,-,1,-,-,-,-,-,_extracted_txt/Ce_synapse_UNIX/Ce_synapse/White_Table/neurons/DVA_WT.txt
